class	name	seed	damage	fired	opportunities
eca	rule 0	0	0	0	0
eca	rule 0	0	0	0	0
eca	rule 0	0	0	0	0
eca	rule 0	0	0	0	0
eca	rule 0	0	0	0	0
eca	rule 0	0	0	0	0
eca	rule 0	0	0	0	0
eca	rule 0	0	0	0	0
eca	rule 0	0	0	0	0
eca	rule 0	0	0	0	0
eca	rule 0	1	0	0	0
eca	rule 0	1	0	0	0
eca	rule 0	1	0	0	0
eca	rule 0	1	0	0	0
eca	rule 0	1	0	0	0
eca	rule 0	1	0	0	0
eca	rule 0	1	0	0	0
eca	rule 0	1	0	0	0
eca	rule 0	1	0	0	0
eca	rule 0	1	0	0	0
eca	rule 0	2	0	0	0
eca	rule 0	2	0	0	0
eca	rule 0	2	0	0	0
eca	rule 0	2	0	0	0
eca	rule 0	2	0	0	0
eca	rule 0	2	0	0	0
eca	rule 0	2	0	0	0
eca	rule 0	2	0	0	0
eca	rule 0	2	0	0	0
eca	rule 0	2	0	0	0
eca	rule 0	3	0	0	0
eca	rule 0	3	0	0	0
eca	rule 0	3	0	0	0
eca	rule 0	3	0	0	0
eca	rule 0	3	0	0	0
eca	rule 0	3	0	0	0
eca	rule 0	3	0	0	0
eca	rule 0	3	0	0	0
eca	rule 0	3	0	0	0
eca	rule 0	3	0	0	0
eca	rule 204	0	1	0	0
eca	rule 204	0	1	0	0
eca	rule 204	0	1	0	0
eca	rule 204	0	1	0	0
eca	rule 204	0	1	0	0
eca	rule 204	0	1	0	0
eca	rule 204	0	1	0	0
eca	rule 204	0	1	0	0
eca	rule 204	0	1	0	0
eca	rule 204	0	1	0	0
eca	rule 204	1	1	0	0
eca	rule 204	1	1	0	0
eca	rule 204	1	1	0	0
eca	rule 204	1	1	0	0
eca	rule 204	1	1	0	0
eca	rule 204	1	1	0	0
eca	rule 204	1	1	0	0
eca	rule 204	1	1	0	0
eca	rule 204	1	1	0	0
eca	rule 204	1	1	0	0
eca	rule 204	2	1	0	0
eca	rule 204	2	1	0	0
eca	rule 204	2	1	0	0
eca	rule 204	2	1	0	0
eca	rule 204	2	1	0	0
eca	rule 204	2	1	0	0
eca	rule 204	2	1	0	0
eca	rule 204	2	1	0	0
eca	rule 204	2	1	0	0
eca	rule 204	2	1	0	0
eca	rule 204	3	1	0	0
eca	rule 204	3	1	0	0
eca	rule 204	3	1	0	0
eca	rule 204	3	1	0	0
eca	rule 204	3	1	0	0
eca	rule 204	3	1	0	0
eca	rule 204	3	1	0	0
eca	rule 204	3	1	0	0
eca	rule 204	3	1	0	0
eca	rule 204	3	1	0	0
eca	rule 90	0	8	0	0
eca	rule 90	0	8	0	0
eca	rule 90	0	8	0	0
eca	rule 90	0	8	0	0
eca	rule 90	0	8	0	0
eca	rule 90	0	8	0	0
eca	rule 90	0	8	0	0
eca	rule 90	0	8	0	0
eca	rule 90	0	8	0	0
eca	rule 90	0	8	0	0
eca	rule 90	1	8	0	0
eca	rule 90	1	8	0	0
eca	rule 90	1	8	0	0
eca	rule 90	1	8	0	0
eca	rule 90	1	8	0	0
eca	rule 90	1	8	0	0
eca	rule 90	1	8	0	0
eca	rule 90	1	8	0	0
eca	rule 90	1	8	0	0
eca	rule 90	1	8	0	0
eca	rule 90	2	8	0	0
eca	rule 90	2	8	0	0
eca	rule 90	2	8	0	0
eca	rule 90	2	8	0	0
eca	rule 90	2	8	0	0
eca	rule 90	2	8	0	0
eca	rule 90	2	8	0	0
eca	rule 90	2	8	0	0
eca	rule 90	2	8	0	0
eca	rule 90	2	8	0	0
eca	rule 90	3	8	0	0
eca	rule 90	3	8	0	0
eca	rule 90	3	8	0	0
eca	rule 90	3	8	0	0
eca	rule 90	3	8	0	0
eca	rule 90	3	8	0	0
eca	rule 90	3	8	0	0
eca	rule 90	3	8	0	0
eca	rule 90	3	8	0	0
eca	rule 90	3	8	0	0
eca	rule 54	0	22	0	0
eca	rule 54	0	29	0	0
eca	rule 54	0	1	0	0
eca	rule 54	0	34	0	0
eca	rule 54	0	24	0	0
eca	rule 54	0	32	0	0
eca	rule 54	0	21	0	0
eca	rule 54	0	2	0	0
eca	rule 54	0	18	0	0
eca	rule 54	0	18	0	0
eca	rule 54	1	10	0	0
eca	rule 54	1	17	0	0
eca	rule 54	1	36	0	0
eca	rule 54	1	24	0	0
eca	rule 54	1	10	0	0
eca	rule 54	1	11	0	0
eca	rule 54	1	15	0	0
eca	rule 54	1	22	0	0
eca	rule 54	1	14	0	0
eca	rule 54	1	27	0	0
eca	rule 54	2	18	0	0
eca	rule 54	2	42	0	0
eca	rule 54	2	6	0	0
eca	rule 54	2	27	0	0
eca	rule 54	2	0	0	0
eca	rule 54	2	9	0	0
eca	rule 54	2	18	0	0
eca	rule 54	2	17	0	0
eca	rule 54	2	4	0	0
eca	rule 54	2	34	0	0
eca	rule 54	3	14	0	0
eca	rule 54	3	0	0	0
eca	rule 54	3	13	0	0
eca	rule 54	3	18	0	0
eca	rule 54	3	31	0	0
eca	rule 54	3	18	0	0
eca	rule 54	3	37	0	0
eca	rule 54	3	27	0	0
eca	rule 54	3	7	0	0
eca	rule 54	3	5	0	0
eca	rule 110	0	0	0	0
eca	rule 110	0	16	0	0
eca	rule 110	0	0	0	0
eca	rule 110	0	20	0	0
eca	rule 110	0	0	0	0
eca	rule 110	0	18	0	0
eca	rule 110	0	21	0	0
eca	rule 110	0	14	0	0
eca	rule 110	0	21	0	0
eca	rule 110	0	25	0	0
eca	rule 110	1	22	0	0
eca	rule 110	1	16	0	0
eca	rule 110	1	28	0	0
eca	rule 110	1	23	0	0
eca	rule 110	1	28	0	0
eca	rule 110	1	12	0	0
eca	rule 110	1	12	0	0
eca	rule 110	1	33	0	0
eca	rule 110	1	3	0	0
eca	rule 110	1	25	0	0
eca	rule 110	2	24	0	0
eca	rule 110	2	6	0	0
eca	rule 110	2	6	0	0
eca	rule 110	2	22	0	0
eca	rule 110	2	27	0	0
eca	rule 110	2	28	0	0
eca	rule 110	2	16	0	0
eca	rule 110	2	14	0	0
eca	rule 110	2	24	0	0
eca	rule 110	2	0	0	0
eca	rule 110	3	27	0	0
eca	rule 110	3	23	0	0
eca	rule 110	3	20	0	0
eca	rule 110	3	23	0	0
eca	rule 110	3	3	0	0
eca	rule 110	3	3	0	0
eca	rule 110	3	11	0	0
eca	rule 110	3	32	0	0
eca	rule 110	3	10	0	0
eca	rule 110	3	11	0	0
eca	rule 30	0	44	0	0
eca	rule 30	0	34	0	0
eca	rule 30	0	39	0	0
eca	rule 30	0	30	0	0
eca	rule 30	0	43	0	0
eca	rule 30	0	38	0	0
eca	rule 30	0	42	0	0
eca	rule 30	0	33	0	0
eca	rule 30	0	49	0	0
eca	rule 30	0	39	0	0
eca	rule 30	1	41	0	0
eca	rule 30	1	45	0	0
eca	rule 30	1	53	0	0
eca	rule 30	1	44	0	0
eca	rule 30	1	39	0	0
eca	rule 30	1	40	0	0
eca	rule 30	1	40	0	0
eca	rule 30	1	31	0	0
eca	rule 30	1	27	0	0
eca	rule 30	1	23	0	0
eca	rule 30	2	36	0	0
eca	rule 30	2	27	0	0
eca	rule 30	2	38	0	0
eca	rule 30	2	34	0	0
eca	rule 30	2	38	0	0
eca	rule 30	2	35	0	0
eca	rule 30	2	25	0	0
eca	rule 30	2	33	0	0
eca	rule 30	2	29	0	0
eca	rule 30	2	33	0	0
eca	rule 30	3	38	0	0
eca	rule 30	3	39	0	0
eca	rule 30	3	39	0	0
eca	rule 30	3	45	0	0
eca	rule 30	3	44	0	0
eca	rule 30	3	37	0	0
eca	rule 30	3	26	0	0
eca	rule 30	3	17	0	0
eca	rule 30	3	32	0	0
eca	rule 30	3	39	0	0
family	$P_a$ (bare)	0	0	0	0
family	$P_a$ (bare)	0	0	0	0
family	$P_a$ (bare)	0	0	0	0
family	$P_a$ (bare)	0	0	0	0
family	$P_a$ (bare)	0	0	0	0
family	$P_a$ (bare)	0	0	0	0
family	$P_a$ (bare)	0	0	0	0
family	$P_a$ (bare)	0	0	0	0
family	$P_a$ (bare)	0	0	0	0
family	$P_a$ (bare)	0	0	0	0
family	$P_a$ (bare)	1	0	0	0
family	$P_a$ (bare)	1	0	0	0
family	$P_a$ (bare)	1	0	0	0
family	$P_a$ (bare)	1	0	0	0
family	$P_a$ (bare)	1	0	0	0
family	$P_a$ (bare)	1	0	0	0
family	$P_a$ (bare)	1	0	0	0
family	$P_a$ (bare)	1	0	0	0
family	$P_a$ (bare)	1	0	0	0
family	$P_a$ (bare)	1	1	0	0
family	$P_a$ (bare)	2	0	0	0
family	$P_a$ (bare)	2	0	0	0
family	$P_a$ (bare)	2	0	0	0
family	$P_a$ (bare)	2	0	0	0
family	$P_a$ (bare)	2	0	0	0
family	$P_a$ (bare)	2	0	0	0
family	$P_a$ (bare)	2	0	0	0
family	$P_a$ (bare)	2	0	0	0
family	$P_a$ (bare)	2	0	0	0
family	$P_a$ (bare)	2	0	0	0
family	$P_a$ (bare)	3	0	0	0
family	$P_a$ (bare)	3	0	0	0
family	$P_a$ (bare)	3	0	0	0
family	$P_a$ (bare)	3	0	0	0
family	$P_a$ (bare)	3	0	0	0
family	$P_a$ (bare)	3	0	0	0
family	$P_a$ (bare)	3	0	0	0
family	$P_a$ (bare)	3	0	0	0
family	$P_a$ (bare)	3	0	0	0
family	$P_a$ (bare)	3	0	0	0
family	rot$+1$	0	0	0	0
family	rot$+1$	0	5	0	0
family	rot$+1$	0	5	0	0
family	rot$+1$	0	0	0	0
family	rot$+1$	0	9	0	0
family	rot$+1$	0	10	0	0
family	rot$+1$	0	8	0	0
family	rot$+1$	0	0	0	0
family	rot$+1$	0	11	0	0
family	rot$+1$	0	0	0	0
family	rot$+1$	1	0	0	0
family	rot$+1$	1	0	0	0
family	rot$+1$	1	0	0	0
family	rot$+1$	1	0	0	0
family	rot$+1$	1	0	0	0
family	rot$+1$	1	0	0	0
family	rot$+1$	1	0	0	0
family	rot$+1$	1	1	0	0
family	rot$+1$	1	0	0	0
family	rot$+1$	1	0	0	0
family	rot$+1$	2	0	0	0
family	rot$+1$	2	0	0	0
family	rot$+1$	2	0	0	0
family	rot$+1$	2	0	0	0
family	rot$+1$	2	0	0	0
family	rot$+1$	2	0	0	0
family	rot$+1$	2	0	0	0
family	rot$+1$	2	0	0	0
family	rot$+1$	2	0	0	0
family	rot$+1$	2	9	0	0
family	rot$+1$	3	0	0	0
family	rot$+1$	3	0	0	0
family	rot$+1$	3	0	0	0
family	rot$+1$	3	6	0	0
family	rot$+1$	3	0	0	0
family	rot$+1$	3	0	0	0
family	rot$+1$	3	18	0	0
family	rot$+1$	3	0	0	0
family	rot$+1$	3	0	0	0
family	rot$+1$	3	0	0	0
family	braid $P_a$/two-4	0	0	0	0
family	braid $P_a$/two-4	0	0	0	0
family	braid $P_a$/two-4	0	0	0	0
family	braid $P_a$/two-4	0	0	0	0
family	braid $P_a$/two-4	0	0	0	0
family	braid $P_a$/two-4	0	0	0	0
family	braid $P_a$/two-4	0	0	0	0
family	braid $P_a$/two-4	0	0	0	0
family	braid $P_a$/two-4	0	3	0	0
family	braid $P_a$/two-4	0	0	0	0
family	braid $P_a$/two-4	1	0	0	0
family	braid $P_a$/two-4	1	0	0	0
family	braid $P_a$/two-4	1	0	0	0
family	braid $P_a$/two-4	1	0	0	0
family	braid $P_a$/two-4	1	0	0	0
family	braid $P_a$/two-4	1	0	0	0
family	braid $P_a$/two-4	1	0	0	0
family	braid $P_a$/two-4	1	0	0	0
family	braid $P_a$/two-4	1	0	0	0
family	braid $P_a$/two-4	1	0	0	0
family	braid $P_a$/two-4	2	0	0	0
family	braid $P_a$/two-4	2	0	0	0
family	braid $P_a$/two-4	2	0	0	0
family	braid $P_a$/two-4	2	0	0	0
family	braid $P_a$/two-4	2	0	0	0
family	braid $P_a$/two-4	2	0	0	0
family	braid $P_a$/two-4	2	0	0	0
family	braid $P_a$/two-4	2	0	0	0
family	braid $P_a$/two-4	2	0	0	0
family	braid $P_a$/two-4	2	0	0	0
family	braid $P_a$/two-4	3	0	0	0
family	braid $P_a$/two-4	3	0	0	0
family	braid $P_a$/two-4	3	0	0	0
family	braid $P_a$/two-4	3	0	0	0
family	braid $P_a$/two-4	3	0	0	0
family	braid $P_a$/two-4	3	2	0	0
family	braid $P_a$/two-4	3	0	0	0
family	braid $P_a$/two-4	3	0	0	0
family	braid $P_a$/two-4	3	0	0	0
family	braid $P_a$/two-4	3	0	0	0
family	braid rot$+2$/rot$+4$	0	0	0	0
family	braid rot$+2$/rot$+4$	0	4	0	0
family	braid rot$+2$/rot$+4$	0	0	0	0
family	braid rot$+2$/rot$+4$	0	0	0	0
family	braid rot$+2$/rot$+4$	0	0	0	0
family	braid rot$+2$/rot$+4$	0	0	0	0
family	braid rot$+2$/rot$+4$	0	0	0	0
family	braid rot$+2$/rot$+4$	0	0	0	0
family	braid rot$+2$/rot$+4$	0	7	0	0
family	braid rot$+2$/rot$+4$	0	7	0	0
family	braid rot$+2$/rot$+4$	1	0	0	0
family	braid rot$+2$/rot$+4$	1	0	0	0
family	braid rot$+2$/rot$+4$	1	0	0	0
family	braid rot$+2$/rot$+4$	1	18	0	0
family	braid rot$+2$/rot$+4$	1	15	0	0
family	braid rot$+2$/rot$+4$	1	22	0	0
family	braid rot$+2$/rot$+4$	1	16	0	0
family	braid rot$+2$/rot$+4$	1	18	0	0
family	braid rot$+2$/rot$+4$	1	18	0	0
family	braid rot$+2$/rot$+4$	1	10	0	0
family	braid rot$+2$/rot$+4$	2	4	0	0
family	braid rot$+2$/rot$+4$	2	15	0	0
family	braid rot$+2$/rot$+4$	2	0	0	0
family	braid rot$+2$/rot$+4$	2	7	0	0
family	braid rot$+2$/rot$+4$	2	7	0	0
family	braid rot$+2$/rot$+4$	2	0	0	0
family	braid rot$+2$/rot$+4$	2	0	0	0
family	braid rot$+2$/rot$+4$	2	0	0	0
family	braid rot$+2$/rot$+4$	2	11	0	0
family	braid rot$+2$/rot$+4$	2	14	0	0
family	braid rot$+2$/rot$+4$	3	0	0	0
family	braid rot$+2$/rot$+4$	3	0	0	0
family	braid rot$+2$/rot$+4$	3	0	0	0
family	braid rot$+2$/rot$+4$	3	0	0	0
family	braid rot$+2$/rot$+4$	3	0	0	0
family	braid rot$+2$/rot$+4$	3	0	0	0
family	braid rot$+2$/rot$+4$	3	15	0	0
family	braid rot$+2$/rot$+4$	3	0	0	0
family	braid rot$+2$/rot$+4$	3	0	0	0
family	braid rot$+2$/rot$+4$	3	0	0	0
dial	blend $0.00$	0	1	0	0
dial	blend $0.00$	0	1	0	0
dial	blend $0.00$	0	3	0	0
dial	blend $0.00$	0	5	0	0
dial	blend $0.00$	0	14	0	0
dial	blend $0.00$	0	16	0	0
dial	blend $0.00$	0	5	0	0
dial	blend $0.00$	0	7	0	0
dial	blend $0.00$	0	18	0	0
dial	blend $0.00$	0	16	0	0
dial	blend $0.00$	1	0	0	0
dial	blend $0.00$	1	5	0	0
dial	blend $0.00$	1	4	0	0
dial	blend $0.00$	1	3	0	0
dial	blend $0.00$	1	4	0	0
dial	blend $0.00$	1	0	0	0
dial	blend $0.00$	1	24	0	0
dial	blend $0.00$	1	0	0	0
dial	blend $0.00$	1	20	0	0
dial	blend $0.00$	1	17	0	0
dial	blend $0.00$	2	2	0	0
dial	blend $0.00$	2	2	0	0
dial	blend $0.00$	2	4	0	0
dial	blend $0.00$	2	2	0	0
dial	blend $0.00$	2	5	0	0
dial	blend $0.00$	2	10	0	0
dial	blend $0.00$	2	14	0	0
dial	blend $0.00$	2	15	0	0
dial	blend $0.00$	2	10	0	0
dial	blend $0.00$	2	18	0	0
dial	blend $0.00$	3	0	0	0
dial	blend $0.00$	3	0	0	0
dial	blend $0.00$	3	7	0	0
dial	blend $0.00$	3	8	0	0
dial	blend $0.00$	3	9	0	0
dial	blend $0.00$	3	12	0	0
dial	blend $0.00$	3	11	0	0
dial	blend $0.00$	3	11	0	0
dial	blend $0.00$	3	10	0	0
dial	blend $0.00$	3	13	0	0
dial	blend $0.35$	0	0	0	0
dial	blend $0.35$	0	4	0	0
dial	blend $0.35$	0	4	0	0
dial	blend $0.35$	0	4	0	0
dial	blend $0.35$	0	19	0	0
dial	blend $0.35$	0	17	0	0
dial	blend $0.35$	0	20	0	0
dial	blend $0.35$	0	12	0	0
dial	blend $0.35$	0	0	0	0
dial	blend $0.35$	0	0	0	0
dial	blend $0.35$	1	0	0	0
dial	blend $0.35$	1	0	0	0
dial	blend $0.35$	1	9	0	0
dial	blend $0.35$	1	9	0	0
dial	blend $0.35$	1	0	0	0
dial	blend $0.35$	1	0	0	0
dial	blend $0.35$	1	0	0	0
dial	blend $0.35$	1	0	0	0
dial	blend $0.35$	1	12	0	0
dial	blend $0.35$	1	6	0	0
dial	blend $0.35$	2	0	0	0
dial	blend $0.35$	2	0	0	0
dial	blend $0.35$	2	0	0	0
dial	blend $0.35$	2	0	0	0
dial	blend $0.35$	2	0	0	0
dial	blend $0.35$	2	0	0	0
dial	blend $0.35$	2	0	0	0
dial	blend $0.35$	2	14	0	0
dial	blend $0.35$	2	0	0	0
dial	blend $0.35$	2	0	0	0
dial	blend $0.35$	3	0	0	0
dial	blend $0.35$	3	0	0	0
dial	blend $0.35$	3	0	0	0
dial	blend $0.35$	3	0	0	0
dial	blend $0.35$	3	0	0	0
dial	blend $0.35$	3	0	0	0
dial	blend $0.35$	3	5	0	0
dial	blend $0.35$	3	0	0	0
dial	blend $0.35$	3	0	0	0
dial	blend $0.35$	3	0	0	0
dial	blend $0.70$	0	0	0	0
dial	blend $0.70$	0	0	0	0
dial	blend $0.70$	0	0	0	0
dial	blend $0.70$	0	0	0	0
dial	blend $0.70$	0	0	0	0
dial	blend $0.70$	0	0	0	0
dial	blend $0.70$	0	0	0	0
dial	blend $0.70$	0	0	0	0
dial	blend $0.70$	0	0	0	0
dial	blend $0.70$	0	0	0	0
dial	blend $0.70$	1	0	0	0
dial	blend $0.70$	1	0	0	0
dial	blend $0.70$	1	1	0	0
dial	blend $0.70$	1	9	0	0
dial	blend $0.70$	1	0	0	0
dial	blend $0.70$	1	0	0	0
dial	blend $0.70$	1	0	0	0
dial	blend $0.70$	1	0	0	0
dial	blend $0.70$	1	0	0	0
dial	blend $0.70$	1	0	0	0
dial	blend $0.70$	2	0	0	0
dial	blend $0.70$	2	0	0	0
dial	blend $0.70$	2	0	0	0
dial	blend $0.70$	2	0	0	0
dial	blend $0.70$	2	0	0	0
dial	blend $0.70$	2	11	0	0
dial	blend $0.70$	2	0	0	0
dial	blend $0.70$	2	0	0	0
dial	blend $0.70$	2	1	0	0
dial	blend $0.70$	2	0	0	0
dial	blend $0.70$	3	0	0	0
dial	blend $0.70$	3	0	0	0
dial	blend $0.70$	3	0	0	0
dial	blend $0.70$	3	0	0	0
dial	blend $0.70$	3	0	0	0
dial	blend $0.70$	3	0	0	0
dial	blend $0.70$	3	0	0	0
dial	blend $0.70$	3	0	0	0
dial	blend $0.70$	3	0	0	0
dial	blend $0.70$	3	0	0	0
dial	blend $1.00$	0	0	0	0
dial	blend $1.00$	0	0	0	0
dial	blend $1.00$	0	0	0	0
dial	blend $1.00$	0	0	0	0
dial	blend $1.00$	0	0	0	0
dial	blend $1.00$	0	0	0	0
dial	blend $1.00$	0	0	0	0
dial	blend $1.00$	0	0	0	0
dial	blend $1.00$	0	0	0	0
dial	blend $1.00$	0	0	0	0
dial	blend $1.00$	1	0	0	0
dial	blend $1.00$	1	0	0	0
dial	blend $1.00$	1	0	0	0
dial	blend $1.00$	1	0	0	0
dial	blend $1.00$	1	0	0	0
dial	blend $1.00$	1	0	0	0
dial	blend $1.00$	1	0	0	0
dial	blend $1.00$	1	0	0	0
dial	blend $1.00$	1	0	0	0
dial	blend $1.00$	1	1	0	0
dial	blend $1.00$	2	0	0	0
dial	blend $1.00$	2	0	0	0
dial	blend $1.00$	2	0	0	0
dial	blend $1.00$	2	0	0	0
dial	blend $1.00$	2	0	0	0
dial	blend $1.00$	2	0	0	0
dial	blend $1.00$	2	0	0	0
dial	blend $1.00$	2	0	0	0
dial	blend $1.00$	2	0	0	0
dial	blend $1.00$	2	0	0	0
dial	blend $1.00$	3	0	0	0
dial	blend $1.00$	3	0	0	0
dial	blend $1.00$	3	0	0	0
dial	blend $1.00$	3	0	0	0
dial	blend $1.00$	3	0	0	0
dial	blend $1.00$	3	0	0	0
dial	blend $1.00$	3	0	0	0
dial	blend $1.00$	3	0	0	0
dial	blend $1.00$	3	0	0	0
dial	blend $1.00$	3	0	0	0
dial	braid + blend $0.70$	0	0	0	0
dial	braid + blend $0.70$	0	0	0	0
dial	braid + blend $0.70$	0	0	0	0
dial	braid + blend $0.70$	0	0	0	0
dial	braid + blend $0.70$	0	0	0	0
dial	braid + blend $0.70$	0	0	0	0
dial	braid + blend $0.70$	0	0	0	0
dial	braid + blend $0.70$	0	0	0	0
dial	braid + blend $0.70$	0	0	0	0
dial	braid + blend $0.70$	0	0	0	0
dial	braid + blend $0.70$	1	0	0	0
dial	braid + blend $0.70$	1	0	0	0
dial	braid + blend $0.70$	1	0	0	0
dial	braid + blend $0.70$	1	2	0	0
dial	braid + blend $0.70$	1	0	0	0
dial	braid + blend $0.70$	1	0	0	0
dial	braid + blend $0.70$	1	0	0	0
dial	braid + blend $0.70$	1	0	0	0
dial	braid + blend $0.70$	1	0	0	0
dial	braid + blend $0.70$	1	0	0	0
dial	braid + blend $0.70$	2	0	0	0
dial	braid + blend $0.70$	2	0	0	0
dial	braid + blend $0.70$	2	0	0	0
dial	braid + blend $0.70$	2	0	0	0
dial	braid + blend $0.70$	2	0	0	0
dial	braid + blend $0.70$	2	0	0	0
dial	braid + blend $0.70$	2	0	0	0
dial	braid + blend $0.70$	2	0	0	0
dial	braid + blend $0.70$	2	0	0	0
dial	braid + blend $0.70$	2	0	0	0
dial	braid + blend $0.70$	3	0	0	0
dial	braid + blend $0.70$	3	3	0	0
dial	braid + blend $0.70$	3	0	0	0
dial	braid + blend $0.70$	3	0	0	0
dial	braid + blend $0.70$	3	0	0	0
dial	braid + blend $0.70$	3	10	0	0
dial	braid + blend $0.70$	3	0	0	0
dial	braid + blend $0.70$	3	0	0	0
dial	braid + blend $0.70$	3	0	0	0
dial	braid + blend $0.70$	3	0	0	0
dial	async update $0.25$	0	0	0	0
dial	async update $0.25$	0	0	0	0
dial	async update $0.25$	0	3	0	0
dial	async update $0.25$	0	0	0	0
dial	async update $0.25$	0	5	0	0
dial	async update $0.25$	0	0	0	0
dial	async update $0.25$	0	0	0	0
dial	async update $0.25$	0	0	0	0
dial	async update $0.25$	0	0	0	0
dial	async update $0.25$	0	0	0	0
dial	async update $0.25$	1	0	0	0
dial	async update $0.25$	1	0	0	0
dial	async update $0.25$	1	0	0	0
dial	async update $0.25$	1	0	0	0
dial	async update $0.25$	1	0	0	0
dial	async update $0.25$	1	3	0	0
dial	async update $0.25$	1	0	0	0
dial	async update $0.25$	1	0	0	0
dial	async update $0.25$	1	0	0	0
dial	async update $0.25$	1	0	0	0
dial	async update $0.25$	2	0	0	0
dial	async update $0.25$	2	0	0	0
dial	async update $0.25$	2	0	0	0
dial	async update $0.25$	2	0	0	0
dial	async update $0.25$	2	3	0	0
dial	async update $0.25$	2	5	0	0
dial	async update $0.25$	2	0	0	0
dial	async update $0.25$	2	0	0	0
dial	async update $0.25$	2	0	0	0
dial	async update $0.25$	2	0	0	0
dial	async update $0.25$	3	0	0	0
dial	async update $0.25$	3	0	0	0
dial	async update $0.25$	3	0	0	0
dial	async update $0.25$	3	0	0	0
dial	async update $0.25$	3	0	0	0
dial	async update $0.25$	3	0	0	0
dial	async update $0.25$	3	0	0	0
dial	async update $0.25$	3	0	0	0
dial	async update $0.25$	3	0	0	0
dial	async update $0.25$	3	0	0	0
dial	async update $0.75$	0	0	0	0
dial	async update $0.75$	0	0	0	0
dial	async update $0.75$	0	0	0	0
dial	async update $0.75$	0	0	0	0
dial	async update $0.75$	0	0	0	0
dial	async update $0.75$	0	0	0	0
dial	async update $0.75$	0	10	0	0
dial	async update $0.75$	0	0	0	0
dial	async update $0.75$	0	0	0	0
dial	async update $0.75$	0	0	0	0
dial	async update $0.75$	1	0	0	0
dial	async update $0.75$	1	0	0	0
dial	async update $0.75$	1	0	0	0
dial	async update $0.75$	1	0	0	0
dial	async update $0.75$	1	0	0	0
dial	async update $0.75$	1	9	0	0
dial	async update $0.75$	1	0	0	0
dial	async update $0.75$	1	0	0	0
dial	async update $0.75$	1	0	0	0
dial	async update $0.75$	1	0	0	0
dial	async update $0.75$	2	0	0	0
dial	async update $0.75$	2	0	0	0
dial	async update $0.75$	2	0	0	0
dial	async update $0.75$	2	0	0	0
dial	async update $0.75$	2	1	0	0
dial	async update $0.75$	2	0	0	0
dial	async update $0.75$	2	0	0	0
dial	async update $0.75$	2	0	0	0
dial	async update $0.75$	2	10	0	0
dial	async update $0.75$	2	0	0	0
dial	async update $0.75$	3	0	0	0
dial	async update $0.75$	3	0	0	0
dial	async update $0.75$	3	0	0	0
dial	async update $0.75$	3	0	0	0
dial	async update $0.75$	3	0	0	0
dial	async update $0.75$	3	0	0	0
dial	async update $0.75$	3	0	0	0
dial	async update $0.75$	3	0	0	0
dial	async update $0.75$	3	0	0	0
dial	async update $0.75$	3	0	0	0
dial	niches $P_a$/two-4 (16)	0	0	0	0
dial	niches $P_a$/two-4 (16)	0	0	0	0
dial	niches $P_a$/two-4 (16)	0	0	0	0
dial	niches $P_a$/two-4 (16)	0	5	0	0
dial	niches $P_a$/two-4 (16)	0	0	0	0
dial	niches $P_a$/two-4 (16)	0	0	0	0
dial	niches $P_a$/two-4 (16)	0	0	0	0
dial	niches $P_a$/two-4 (16)	0	0	0	0
dial	niches $P_a$/two-4 (16)	0	1	0	0
dial	niches $P_a$/two-4 (16)	0	0	0	0
dial	niches $P_a$/two-4 (16)	1	0	0	0
dial	niches $P_a$/two-4 (16)	1	2	0	0
dial	niches $P_a$/two-4 (16)	1	0	0	0
dial	niches $P_a$/two-4 (16)	1	0	0	0
dial	niches $P_a$/two-4 (16)	1	0	0	0
dial	niches $P_a$/two-4 (16)	1	0	0	0
dial	niches $P_a$/two-4 (16)	1	0	0	0
dial	niches $P_a$/two-4 (16)	1	7	0	0
dial	niches $P_a$/two-4 (16)	1	0	0	0
dial	niches $P_a$/two-4 (16)	1	0	0	0
dial	niches $P_a$/two-4 (16)	2	0	0	0
dial	niches $P_a$/two-4 (16)	2	0	0	0
dial	niches $P_a$/two-4 (16)	2	0	0	0
dial	niches $P_a$/two-4 (16)	2	0	0	0
dial	niches $P_a$/two-4 (16)	2	0	0	0
dial	niches $P_a$/two-4 (16)	2	10	0	0
dial	niches $P_a$/two-4 (16)	2	0	0	0
dial	niches $P_a$/two-4 (16)	2	0	0	0
dial	niches $P_a$/two-4 (16)	2	0	0	0
dial	niches $P_a$/two-4 (16)	2	0	0	0
dial	niches $P_a$/two-4 (16)	3	0	0	0
dial	niches $P_a$/two-4 (16)	3	0	0	0
dial	niches $P_a$/two-4 (16)	3	0	0	0
dial	niches $P_a$/two-4 (16)	3	4	0	0
dial	niches $P_a$/two-4 (16)	3	0	0	0
dial	niches $P_a$/two-4 (16)	3	0	0	0
dial	niches $P_a$/two-4 (16)	3	0	0	0
dial	niches $P_a$/two-4 (16)	3	0	0	0
dial	niches $P_a$/two-4 (16)	3	0	0	0
dial	niches $P_a$/two-4 (16)	3	0	0	0
dial	niches $P_a$/two-4 (8)	0	0	0	0
dial	niches $P_a$/two-4 (8)	0	0	0	0
dial	niches $P_a$/two-4 (8)	0	4	0	0
dial	niches $P_a$/two-4 (8)	0	0	0	0
dial	niches $P_a$/two-4 (8)	0	0	0	0
dial	niches $P_a$/two-4 (8)	0	0	0	0
dial	niches $P_a$/two-4 (8)	0	0	0	0
dial	niches $P_a$/two-4 (8)	0	0	0	0
dial	niches $P_a$/two-4 (8)	0	0	0	0
dial	niches $P_a$/two-4 (8)	0	0	0	0
dial	niches $P_a$/two-4 (8)	1	0	0	0
dial	niches $P_a$/two-4 (8)	1	0	0	0
dial	niches $P_a$/two-4 (8)	1	0	0	0
dial	niches $P_a$/two-4 (8)	1	0	0	0
dial	niches $P_a$/two-4 (8)	1	0	0	0
dial	niches $P_a$/two-4 (8)	1	0	0	0
dial	niches $P_a$/two-4 (8)	1	0	0	0
dial	niches $P_a$/two-4 (8)	1	0	0	0
dial	niches $P_a$/two-4 (8)	1	0	0	0
dial	niches $P_a$/two-4 (8)	1	0	0	0
dial	niches $P_a$/two-4 (8)	2	0	0	0
dial	niches $P_a$/two-4 (8)	2	0	0	0
dial	niches $P_a$/two-4 (8)	2	0	0	0
dial	niches $P_a$/two-4 (8)	2	0	0	0
dial	niches $P_a$/two-4 (8)	2	0	0	0
dial	niches $P_a$/two-4 (8)	2	0	0	0
dial	niches $P_a$/two-4 (8)	2	0	0	0
dial	niches $P_a$/two-4 (8)	2	0	0	0
dial	niches $P_a$/two-4 (8)	2	0	0	0
dial	niches $P_a$/two-4 (8)	2	0	0	0
dial	niches $P_a$/two-4 (8)	3	0	0	0
dial	niches $P_a$/two-4 (8)	3	0	0	0
dial	niches $P_a$/two-4 (8)	3	0	0	0
dial	niches $P_a$/two-4 (8)	3	0	0	0
dial	niches $P_a$/two-4 (8)	3	0	0	0
dial	niches $P_a$/two-4 (8)	3	0	0	0
dial	niches $P_a$/two-4 (8)	3	0	0	0
dial	niches $P_a$/two-4 (8)	3	0	0	0
dial	niches $P_a$/two-4 (8)	3	8	0	0
dial	niches $P_a$/two-4 (8)	3	8	0	0
dial	mutation $0.10$	0	0	0	0
dial	mutation $0.10$	0	0	0	0
dial	mutation $0.10$	0	0	0	0
dial	mutation $0.10$	0	0	0	0
dial	mutation $0.10$	0	0	0	0
dial	mutation $0.10$	0	0	0	0
dial	mutation $0.10$	0	0	0	0
dial	mutation $0.10$	0	0	0	0
dial	mutation $0.10$	0	0	0	0
dial	mutation $0.10$	0	0	0	0
dial	mutation $0.10$	1	0	0	0
dial	mutation $0.10$	1	0	0	0
dial	mutation $0.10$	1	0	0	0
dial	mutation $0.10$	1	0	0	0
dial	mutation $0.10$	1	0	0	0
dial	mutation $0.10$	1	0	0	0
dial	mutation $0.10$	1	0	0	0
dial	mutation $0.10$	1	0	0	0
dial	mutation $0.10$	1	0	0	0
dial	mutation $0.10$	1	0	0	0
dial	mutation $0.10$	2	0	0	0
dial	mutation $0.10$	2	0	0	0
dial	mutation $0.10$	2	0	0	0
dial	mutation $0.10$	2	0	0	0
dial	mutation $0.10$	2	2	0	0
dial	mutation $0.10$	2	0	0	0
dial	mutation $0.10$	2	0	0	0
dial	mutation $0.10$	2	0	0	0
dial	mutation $0.10$	2	6	0	0
dial	mutation $0.10$	2	0	0	0
dial	mutation $0.10$	3	0	0	0
dial	mutation $0.10$	3	0	0	0
dial	mutation $0.10$	3	0	0	0
dial	mutation $0.10$	3	0	0	0
dial	mutation $0.10$	3	1	0	0
dial	mutation $0.10$	3	0	0	0
dial	mutation $0.10$	3	0	0	0
dial	mutation $0.10$	3	0	0	0
dial	mutation $0.10$	3	0	0	0
dial	mutation $0.10$	3	0	0	0
dial	mutation $0.40$	0	0	0	0
dial	mutation $0.40$	0	0	0	0
dial	mutation $0.40$	0	0	0	0
dial	mutation $0.40$	0	0	0	0
dial	mutation $0.40$	0	0	0	0
dial	mutation $0.40$	0	0	0	0
dial	mutation $0.40$	0	0	0	0
dial	mutation $0.40$	0	0	0	0
dial	mutation $0.40$	0	0	0	0
dial	mutation $0.40$	0	0	0	0
dial	mutation $0.40$	1	0	0	0
dial	mutation $0.40$	1	0	0	0
dial	mutation $0.40$	1	0	0	0
dial	mutation $0.40$	1	0	0	0
dial	mutation $0.40$	1	0	0	0
dial	mutation $0.40$	1	0	0	0
dial	mutation $0.40$	1	0	0	0
dial	mutation $0.40$	1	0	0	0
dial	mutation $0.40$	1	0	0	0
dial	mutation $0.40$	1	0	0	0
dial	mutation $0.40$	2	0	0	0
dial	mutation $0.40$	2	0	0	0
dial	mutation $0.40$	2	0	0	0
dial	mutation $0.40$	2	0	0	0
dial	mutation $0.40$	2	4	0	0
dial	mutation $0.40$	2	4	0	0
dial	mutation $0.40$	2	0	0	0
dial	mutation $0.40$	2	8	0	0
dial	mutation $0.40$	2	8	0	0
dial	mutation $0.40$	2	0	0	0
dial	mutation $0.40$	3	0	0	0
dial	mutation $0.40$	3	0	0	0
dial	mutation $0.40$	3	2	0	0
dial	mutation $0.40$	3	1	0	0
dial	mutation $0.40$	3	1	0	0
dial	mutation $0.40$	3	0	0	0
dial	mutation $0.40$	3	0	0	0
dial	mutation $0.40$	3	0	0	0
dial	mutation $0.40$	3	6	0	0
dial	mutation $0.40$	3	0	0	0
dial	transport $0.00$	0	1	0	0
dial	transport $0.00$	0	3	0	0
dial	transport $0.00$	0	0	0	0
dial	transport $0.00$	0	2	0	0
dial	transport $0.00$	0	2	0	0
dial	transport $0.00$	0	0	0	0
dial	transport $0.00$	0	1	0	0
dial	transport $0.00$	0	0	0	0
dial	transport $0.00$	0	0	0	0
dial	transport $0.00$	0	1	0	0
dial	transport $0.00$	1	0	0	0
dial	transport $0.00$	1	2	0	0
dial	transport $0.00$	1	5	0	0
dial	transport $0.00$	1	0	0	0
dial	transport $0.00$	1	1	0	0
dial	transport $0.00$	1	0	0	0
dial	transport $0.00$	1	0	0	0
dial	transport $0.00$	1	0	0	0
dial	transport $0.00$	1	0	0	0
dial	transport $0.00$	1	0	0	0
dial	transport $0.00$	2	2	0	0
dial	transport $0.00$	2	0	0	0
dial	transport $0.00$	2	1	0	0
dial	transport $0.00$	2	3	0	0
dial	transport $0.00$	2	4	0	0
dial	transport $0.00$	2	0	0	0
dial	transport $0.00$	2	0	0	0
dial	transport $0.00$	2	1	0	0
dial	transport $0.00$	2	1	0	0
dial	transport $0.00$	2	0	0	0
dial	transport $0.00$	3	2	0	0
dial	transport $0.00$	3	1	0	0
dial	transport $0.00$	3	0	0	0
dial	transport $0.00$	3	3	0	0
dial	transport $0.00$	3	1	0	0
dial	transport $0.00$	3	1	0	0
dial	transport $0.00$	3	0	0	0
dial	transport $0.00$	3	2	0	0
dial	transport $0.00$	3	1	0	0
dial	transport $0.00$	3	3	0	0
dial	transport $0.05$	0	4	0	0
dial	transport $0.05$	0	8	0	0
dial	transport $0.05$	0	12	0	0
dial	transport $0.05$	0	0	0	0
dial	transport $0.05$	0	6	0	0
dial	transport $0.05$	0	0	0	0
dial	transport $0.05$	0	0	0	0
dial	transport $0.05$	0	0	0	0
dial	transport $0.05$	0	0	0	0
dial	transport $0.05$	0	1	0	0
dial	transport $0.05$	1	0	0	0
dial	transport $0.05$	1	3	0	0
dial	transport $0.05$	1	0	0	0
dial	transport $0.05$	1	4	0	0
dial	transport $0.05$	1	4	0	0
dial	transport $0.05$	1	0	0	0
dial	transport $0.05$	1	2	0	0
dial	transport $0.05$	1	0	0	0
dial	transport $0.05$	1	12	0	0
dial	transport $0.05$	1	0	0	0
dial	transport $0.05$	2	0	0	0
dial	transport $0.05$	2	0	0	0
dial	transport $0.05$	2	0	0	0
dial	transport $0.05$	2	0	0	0
dial	transport $0.05$	2	8	0	0
dial	transport $0.05$	2	0	0	0
dial	transport $0.05$	2	0	0	0
dial	transport $0.05$	2	0	0	0
dial	transport $0.05$	2	5	0	0
dial	transport $0.05$	2	0	0	0
dial	transport $0.05$	3	0	0	0
dial	transport $0.05$	3	0	0	0
dial	transport $0.05$	3	0	0	0
dial	transport $0.05$	3	2	0	0
dial	transport $0.05$	3	0	0	0
dial	transport $0.05$	3	9	0	0
dial	transport $0.05$	3	0	0	0
dial	transport $0.05$	3	2	0	0
dial	transport $0.05$	3	3	0	0
dial	transport $0.05$	3	2	0	0
dial	transport $0.10$	0	4	0	0
dial	transport $0.10$	0	7	0	0
dial	transport $0.10$	0	13	0	0
dial	transport $0.10$	0	0	0	0
dial	transport $0.10$	0	3	0	0
dial	transport $0.10$	0	9	0	0
dial	transport $0.10$	0	0	0	0
dial	transport $0.10$	0	0	0	0
dial	transport $0.10$	0	0	0	0
dial	transport $0.10$	0	0	0	0
dial	transport $0.10$	1	0	0	0
dial	transport $0.10$	1	3	0	0
dial	transport $0.10$	1	14	0	0
dial	transport $0.10$	1	19	0	0
dial	transport $0.10$	1	0	0	0
dial	transport $0.10$	1	0	0	0
dial	transport $0.10$	1	0	0	0
dial	transport $0.10$	1	0	0	0
dial	transport $0.10$	1	0	0	0
dial	transport $0.10$	1	0	0	0
dial	transport $0.10$	2	7	0	0
dial	transport $0.10$	2	0	0	0
dial	transport $0.10$	2	0	0	0
dial	transport $0.10$	2	11	0	0
dial	transport $0.10$	2	0	0	0
dial	transport $0.10$	2	14	0	0
dial	transport $0.10$	2	0	0	0
dial	transport $0.10$	2	0	0	0
dial	transport $0.10$	2	9	0	0
dial	transport $0.10$	2	0	0	0
dial	transport $0.10$	3	5	0	0
dial	transport $0.10$	3	5	0	0
dial	transport $0.10$	3	0	0	0
dial	transport $0.10$	3	9	0	0
dial	transport $0.10$	3	17	0	0
dial	transport $0.10$	3	0	0	0
dial	transport $0.10$	3	10	0	0
dial	transport $0.10$	3	2	0	0
dial	transport $0.10$	3	4	0	0
dial	transport $0.10$	3	5	0	0
dial	transport $0.20$	0	0	0	0
dial	transport $0.20$	0	7	0	0
dial	transport $0.20$	0	0	0	0
dial	transport $0.20$	0	9	0	0
dial	transport $0.20$	0	9	0	0
dial	transport $0.20$	0	0	0	0
dial	transport $0.20$	0	0	0	0
dial	transport $0.20$	0	0	0	0
dial	transport $0.20$	0	9	0	0
dial	transport $0.20$	0	7	0	0
dial	transport $0.20$	1	2	0	0
dial	transport $0.20$	1	11	0	0
dial	transport $0.20$	1	17	0	0
dial	transport $0.20$	1	19	0	0
dial	transport $0.20$	1	20	0	0
dial	transport $0.20$	1	17	0	0
dial	transport $0.20$	1	18	0	0
dial	transport $0.20$	1	6	0	0
dial	transport $0.20$	1	20	0	0
dial	transport $0.20$	1	9	0	0
dial	transport $0.20$	2	3	0	0
dial	transport $0.20$	2	5	0	0
dial	transport $0.20$	2	17	0	0
dial	transport $0.20$	2	12	0	0
dial	transport $0.20$	2	14	0	0
dial	transport $0.20$	2	0	0	0
dial	transport $0.20$	2	0	0	0
dial	transport $0.20$	2	18	0	0
dial	transport $0.20$	2	11	0	0
dial	transport $0.20$	2	12	0	0
dial	transport $0.20$	3	3	0	0
dial	transport $0.20$	3	12	0	0
dial	transport $0.20$	3	9	0	0
dial	transport $0.20$	3	16	0	0
dial	transport $0.20$	3	0	0	0
dial	transport $0.20$	3	12	0	0
dial	transport $0.20$	3	18	0	0
dial	transport $0.20$	3	9	0	0
dial	transport $0.20$	3	13	0	0
dial	transport $0.20$	3	13	0	0
dial	transport $0.35$	0	13	0	0
dial	transport $0.35$	0	17	0	0
dial	transport $0.35$	0	20	0	0
dial	transport $0.35$	0	20	0	0
dial	transport $0.35$	0	0	0	0
dial	transport $0.35$	0	14	0	0
dial	transport $0.35$	0	13	0	0
dial	transport $0.35$	0	23	0	0
dial	transport $0.35$	0	18	0	0
dial	transport $0.35$	0	15	0	0
dial	transport $0.35$	1	0	0	0
dial	transport $0.35$	1	15	0	0
dial	transport $0.35$	1	24	0	0
dial	transport $0.35$	1	20	0	0
dial	transport $0.35$	1	24	0	0
dial	transport $0.35$	1	23	0	0
dial	transport $0.35$	1	21	0	0
dial	transport $0.35$	1	12	0	0
dial	transport $0.35$	1	19	0	0
dial	transport $0.35$	1	17	0	0
dial	transport $0.35$	2	0	0	0
dial	transport $0.35$	2	9	0	0
dial	transport $0.35$	2	0	0	0
dial	transport $0.35$	2	17	0	0
dial	transport $0.35$	2	10	0	0
dial	transport $0.35$	2	25	0	0
dial	transport $0.35$	2	21	0	0
dial	transport $0.35$	2	20	0	0
dial	transport $0.35$	2	11	0	0
dial	transport $0.35$	2	13	0	0
dial	transport $0.35$	3	0	0	0
dial	transport $0.35$	3	19	0	0
dial	transport $0.35$	3	0	0	0
dial	transport $0.35$	3	19	0	0
dial	transport $0.35$	3	26	0	0
dial	transport $0.35$	3	27	0	0
dial	transport $0.35$	3	0	0	0
dial	transport $0.35$	3	0	0	0
dial	transport $0.35$	3	16	0	0
dial	transport $0.35$	3	17	0	0
dial	transport $0.50$	0	10	0	0
dial	transport $0.50$	0	14	0	0
dial	transport $0.50$	0	21	0	0
dial	transport $0.50$	0	25	0	0
dial	transport $0.50$	0	30	0	0
dial	transport $0.50$	0	26	0	0
dial	transport $0.50$	0	23	0	0
dial	transport $0.50$	0	30	0	0
dial	transport $0.50$	0	17	0	0
dial	transport $0.50$	0	17	0	0
dial	transport $0.50$	1	12	0	0
dial	transport $0.50$	1	13	0	0
dial	transport $0.50$	1	0	0	0
dial	transport $0.50$	1	20	0	0
dial	transport $0.50$	1	33	0	0
dial	transport $0.50$	1	32	0	0
dial	transport $0.50$	1	28	0	0
dial	transport $0.50$	1	32	0	0
dial	transport $0.50$	1	19	0	0
dial	transport $0.50$	1	20	0	0
dial	transport $0.50$	2	0	0	0
dial	transport $0.50$	2	20	0	0
dial	transport $0.50$	2	26	0	0
dial	transport $0.50$	2	0	0	0
dial	transport $0.50$	2	22	0	0
dial	transport $0.50$	2	0	0	0
dial	transport $0.50$	2	30	0	0
dial	transport $0.50$	2	27	0	0
dial	transport $0.50$	2	22	0	0
dial	transport $0.50$	2	13	0	0
dial	transport $0.50$	3	0	0	0
dial	transport $0.50$	3	0	0	0
dial	transport $0.50$	3	20	0	0
dial	transport $0.50$	3	29	0	0
dial	transport $0.50$	3	29	0	0
dial	transport $0.50$	3	25	0	0
dial	transport $0.50$	3	32	0	0
dial	transport $0.50$	3	24	0	0
dial	transport $0.50$	3	17	0	0
dial	transport $0.50$	3	13	0	0
dial	transport $0.75$	0	0	0	0
dial	transport $0.75$	0	20	0	0
dial	transport $0.75$	0	31	0	0
dial	transport $0.75$	0	33	0	0
dial	transport $0.75$	0	36	0	0
dial	transport $0.75$	0	27	0	0
dial	transport $0.75$	0	28	0	0
dial	transport $0.75$	0	24	0	0
dial	transport $0.75$	0	15	0	0
dial	transport $0.75$	0	19	0	0
dial	transport $0.75$	1	20	0	0
dial	transport $0.75$	1	23	0	0
dial	transport $0.75$	1	28	0	0
dial	transport $0.75$	1	26	0	0
dial	transport $0.75$	1	31	0	0
dial	transport $0.75$	1	37	0	0
dial	transport $0.75$	1	36	0	0
dial	transport $0.75$	1	35	0	0
dial	transport $0.75$	1	28	0	0
dial	transport $0.75$	1	21	0	0
dial	transport $0.75$	2	16	0	0
dial	transport $0.75$	2	0	0	0
dial	transport $0.75$	2	27	0	0
dial	transport $0.75$	2	30	0	0
dial	transport $0.75$	2	47	0	0
dial	transport $0.75$	2	31	0	0
dial	transport $0.75$	2	35	0	0
dial	transport $0.75$	2	29	0	0
dial	transport $0.75$	2	19	0	0
dial	transport $0.75$	2	19	0	0
dial	transport $0.75$	3	0	0	0
dial	transport $0.75$	3	23	0	0
dial	transport $0.75$	3	33	0	0
dial	transport $0.75$	3	36	0	0
dial	transport $0.75$	3	29	0	0
dial	transport $0.75$	3	29	0	0
dial	transport $0.75$	3	34	0	0
dial	transport $0.75$	3	30	0	0
dial	transport $0.75$	3	34	0	0
dial	transport $0.75$	3	23	0	0
dial	transport $1.00$	0	0	0	0
dial	transport $1.00$	0	17	0	0
dial	transport $1.00$	0	0	0	0
dial	transport $1.00$	0	24	0	0
dial	transport $1.00$	0	28	0	0
dial	transport $1.00$	0	32	0	0
dial	transport $1.00$	0	32	0	0
dial	transport $1.00$	0	26	0	0
dial	transport $1.00$	0	0	0	0
dial	transport $1.00$	0	22	0	0
dial	transport $1.00$	1	21	0	0
dial	transport $1.00$	1	27	0	0
dial	transport $1.00$	1	37	0	0
dial	transport $1.00$	1	0	0	0
dial	transport $1.00$	1	36	0	0
dial	transport $1.00$	1	36	0	0
dial	transport $1.00$	1	25	0	0
dial	transport $1.00$	1	25	0	0
dial	transport $1.00$	1	28	0	0
dial	transport $1.00$	1	31	0	0
dial	transport $1.00$	2	19	0	0
dial	transport $1.00$	2	21	0	0
dial	transport $1.00$	2	26	0	0
dial	transport $1.00$	2	25	0	0
dial	transport $1.00$	2	41	0	0
dial	transport $1.00$	2	41	0	0
dial	transport $1.00$	2	34	0	0
dial	transport $1.00$	2	32	0	0
dial	transport $1.00$	2	25	0	0
dial	transport $1.00$	2	26	0	0
dial	transport $1.00$	3	22	0	0
dial	transport $1.00$	3	0	0	0
dial	transport $1.00$	3	26	0	0
dial	transport $1.00$	3	34	0	0
dial	transport $1.00$	3	43	0	0
dial	transport $1.00$	3	33	0	0
dial	transport $1.00$	3	37	0	0
dial	transport $1.00$	3	30	0	0
dial	transport $1.00$	3	28	0	0
dial	transport $1.00$	3	25	0	0
dial	ungated $0.20$	0	0	0	0
dial	ungated $0.20$	0	0	0	0
dial	ungated $0.20$	0	0	0	0
dial	ungated $0.20$	0	0	0	0
dial	ungated $0.20$	0	0	0	0
dial	ungated $0.20$	0	5	0	0
dial	ungated $0.20$	0	4	0	0
dial	ungated $0.20$	0	0	0	0
dial	ungated $0.20$	0	0	0	0
dial	ungated $0.20$	0	0	0	0
dial	ungated $0.20$	1	0	0	0
dial	ungated $0.20$	1	0	0	0
dial	ungated $0.20$	1	7	0	0
dial	ungated $0.20$	1	10	0	0
dial	ungated $0.20$	1	11	0	0
dial	ungated $0.20$	1	7	0	0
dial	ungated $0.20$	1	5	0	0
dial	ungated $0.20$	1	5	0	0
dial	ungated $0.20$	1	0	0	0
dial	ungated $0.20$	1	0	0	0
dial	ungated $0.20$	2	2	0	0
dial	ungated $0.20$	2	0	0	0
dial	ungated $0.20$	2	0	0	0
dial	ungated $0.20$	2	0	0	0
dial	ungated $0.20$	2	0	0	0
dial	ungated $0.20$	2	0	0	0
dial	ungated $0.20$	2	0	0	0
dial	ungated $0.20$	2	0	0	0
dial	ungated $0.20$	2	6	0	0
dial	ungated $0.20$	2	0	0	0
dial	ungated $0.20$	3	0	0	0
dial	ungated $0.20$	3	0	0	0
dial	ungated $0.20$	3	0	0	0
dial	ungated $0.20$	3	0	0	0
dial	ungated $0.20$	3	0	0	0
dial	ungated $0.20$	3	0	0	0
dial	ungated $0.20$	3	2	0	0
dial	ungated $0.20$	3	0	0	0
dial	ungated $0.20$	3	2	0	0
dial	ungated $0.20$	3	0	0	0
dial	ungated $0.35$	0	2	0	0
dial	ungated $0.35$	0	2	0	0
dial	ungated $0.35$	0	0	0	0
dial	ungated $0.35$	0	0	0	0
dial	ungated $0.35$	0	0	0	0
dial	ungated $0.35$	0	0	0	0
dial	ungated $0.35$	0	4	0	0
dial	ungated $0.35$	0	0	0	0
dial	ungated $0.35$	0	4	0	0
dial	ungated $0.35$	0	0	0	0
dial	ungated $0.35$	1	0	0	0
dial	ungated $0.35$	1	0	0	0
dial	ungated $0.35$	1	0	0	0
dial	ungated $0.35$	1	0	0	0
dial	ungated $0.35$	1	4	0	0
dial	ungated $0.35$	1	0	0	0
dial	ungated $0.35$	1	0	0	0
dial	ungated $0.35$	1	0	0	0
dial	ungated $0.35$	1	0	0	0
dial	ungated $0.35$	1	0	0	0
dial	ungated $0.35$	2	0	0	0
dial	ungated $0.35$	2	0	0	0
dial	ungated $0.35$	2	0	0	0
dial	ungated $0.35$	2	0	0	0
dial	ungated $0.35$	2	11	0	0
dial	ungated $0.35$	2	0	0	0
dial	ungated $0.35$	2	7	0	0
dial	ungated $0.35$	2	6	0	0
dial	ungated $0.35$	2	7	0	0
dial	ungated $0.35$	2	0	0	0
dial	ungated $0.35$	3	0	0	0
dial	ungated $0.35$	3	0	0	0
dial	ungated $0.35$	3	6	0	0
dial	ungated $0.35$	3	0	0	0
dial	ungated $0.35$	3	0	0	0
dial	ungated $0.35$	3	8	0	0
dial	ungated $0.35$	3	0	0	0
dial	ungated $0.35$	3	0	0	0
dial	ungated $0.35$	3	0	0	0
dial	ungated $0.35$	3	6	0	0
dial	ungated $0.50$	0	0	0	0
dial	ungated $0.50$	0	0	0	0
dial	ungated $0.50$	0	0	0	0
dial	ungated $0.50$	0	0	0	0
dial	ungated $0.50$	0	0	0	0
dial	ungated $0.50$	0	0	0	0
dial	ungated $0.50$	0	0	0	0
dial	ungated $0.50$	0	1	0	0
dial	ungated $0.50$	0	0	0	0
dial	ungated $0.50$	0	0	0	0
dial	ungated $0.50$	1	0	0	0
dial	ungated $0.50$	1	0	0	0
dial	ungated $0.50$	1	0	0	0
dial	ungated $0.50$	1	6	0	0
dial	ungated $0.50$	1	0	0	0
dial	ungated $0.50$	1	0	0	0
dial	ungated $0.50$	1	0	0	0
dial	ungated $0.50$	1	13	0	0
dial	ungated $0.50$	1	3	0	0
dial	ungated $0.50$	1	0	0	0
dial	ungated $0.50$	2	0	0	0
dial	ungated $0.50$	2	0	0	0
dial	ungated $0.50$	2	0	0	0
dial	ungated $0.50$	2	0	0	0
dial	ungated $0.50$	2	0	0	0
dial	ungated $0.50$	2	0	0	0
dial	ungated $0.50$	2	0	0	0
dial	ungated $0.50$	2	0	0	0
dial	ungated $0.50$	2	8	0	0
dial	ungated $0.50$	2	0	0	0
dial	ungated $0.50$	3	0	0	0
dial	ungated $0.50$	3	0	0	0
dial	ungated $0.50$	3	7	0	0
dial	ungated $0.50$	3	7	0	0
dial	ungated $0.50$	3	9	0	0
dial	ungated $0.50$	3	0	0	0
dial	ungated $0.50$	3	0	0	0
dial	ungated $0.50$	3	17	0	0
dial	ungated $0.50$	3	0	0	0
dial	ungated $0.50$	3	0	0	0
dial	ungated $0.75$	0	2	0	0
dial	ungated $0.75$	0	5	0	0
dial	ungated $0.75$	0	11	0	0
dial	ungated $0.75$	0	8	0	0
dial	ungated $0.75$	0	8	0	0
dial	ungated $0.75$	0	0	0	0
dial	ungated $0.75$	0	3	0	0
dial	ungated $0.75$	0	3	0	0
dial	ungated $0.75$	0	3	0	0
dial	ungated $0.75$	0	3	0	0
dial	ungated $0.75$	1	0	0	0
dial	ungated $0.75$	1	0	0	0
dial	ungated $0.75$	1	0	0	0
dial	ungated $0.75$	1	8	0	0
dial	ungated $0.75$	1	12	0	0
dial	ungated $0.75$	1	0	0	0
dial	ungated $0.75$	1	6	0	0
dial	ungated $0.75$	1	6	0	0
dial	ungated $0.75$	1	0	0	0
dial	ungated $0.75$	1	0	0	0
dial	ungated $0.75$	2	0	0	0
dial	ungated $0.75$	2	0	0	0
dial	ungated $0.75$	2	0	0	0
dial	ungated $0.75$	2	0	0	0
dial	ungated $0.75$	2	0	0	0
dial	ungated $0.75$	2	0	0	0
dial	ungated $0.75$	2	0	0	0
dial	ungated $0.75$	2	8	0	0
dial	ungated $0.75$	2	7	0	0
dial	ungated $0.75$	2	0	0	0
dial	ungated $0.75$	3	5	0	0
dial	ungated $0.75$	3	0	0	0
dial	ungated $0.75$	3	0	0	0
dial	ungated $0.75$	3	0	0	0
dial	ungated $0.75$	3	13	0	0
dial	ungated $0.75$	3	0	0	0
dial	ungated $0.75$	3	0	0	0
dial	ungated $0.75$	3	0	0	0
dial	ungated $0.75$	3	0	0	0
dial	ungated $0.75$	3	0	0	0
dial	ungated $1.00$	0	0	0	0
dial	ungated $1.00$	0	0	0	0
dial	ungated $1.00$	0	0	0	0
dial	ungated $1.00$	0	0	0	0
dial	ungated $1.00$	0	0	0	0
dial	ungated $1.00$	0	0	0	0
dial	ungated $1.00$	0	11	0	0
dial	ungated $1.00$	0	11	0	0
dial	ungated $1.00$	0	5	0	0
dial	ungated $1.00$	0	0	0	0
dial	ungated $1.00$	1	0	0	0
dial	ungated $1.00$	1	0	0	0
dial	ungated $1.00$	1	0	0	0
dial	ungated $1.00$	1	0	0	0
dial	ungated $1.00$	1	0	0	0
dial	ungated $1.00$	1	20	0	0
dial	ungated $1.00$	1	0	0	0
dial	ungated $1.00$	1	0	0	0
dial	ungated $1.00$	1	0	0	0
dial	ungated $1.00$	1	0	0	0
dial	ungated $1.00$	2	0	0	0
dial	ungated $1.00$	2	16	0	0
dial	ungated $1.00$	2	0	0	0
dial	ungated $1.00$	2	15	0	0
dial	ungated $1.00$	2	6	0	0
dial	ungated $1.00$	2	0	0	0
dial	ungated $1.00$	2	0	0	0
dial	ungated $1.00$	2	6	0	0
dial	ungated $1.00$	2	17	0	0
dial	ungated $1.00$	2	20	0	0
dial	ungated $1.00$	3	0	0	0
dial	ungated $1.00$	3	0	0	0
dial	ungated $1.00$	3	0	0	0
dial	ungated $1.00$	3	0	0	0
dial	ungated $1.00$	3	0	0	0
dial	ungated $1.00$	3	14	0	0
dial	ungated $1.00$	3	17	0	0
dial	ungated $1.00$	3	0	0	0
dial	ungated $1.00$	3	0	0	0
dial	ungated $1.00$	3	4	0	0
dial	preserving limit	0	1	0	0
dial	preserving limit	0	3	0	0
dial	preserving limit	0	0	0	0
dial	preserving limit	0	2	0	0
dial	preserving limit	0	2	0	0
dial	preserving limit	0	0	0	0
dial	preserving limit	0	1	0	0
dial	preserving limit	0	0	0	0
dial	preserving limit	0	0	0	0
dial	preserving limit	0	1	0	0
dial	preserving limit	1	0	0	0
dial	preserving limit	1	2	0	0
dial	preserving limit	1	5	0	0
dial	preserving limit	1	0	0	0
dial	preserving limit	1	1	0	0
dial	preserving limit	1	0	0	0
dial	preserving limit	1	0	0	0
dial	preserving limit	1	0	0	0
dial	preserving limit	1	0	0	0
dial	preserving limit	1	0	0	0
dial	preserving limit	2	2	0	0
dial	preserving limit	2	0	0	0
dial	preserving limit	2	1	0	0
dial	preserving limit	2	3	0	0
dial	preserving limit	2	4	0	0
dial	preserving limit	2	0	0	0
dial	preserving limit	2	0	0	0
dial	preserving limit	2	1	0	0
dial	preserving limit	2	1	0	0
dial	preserving limit	2	0	0	0
dial	preserving limit	3	2	0	0
dial	preserving limit	3	1	0	0
dial	preserving limit	3	0	0	0
dial	preserving limit	3	3	0	0
dial	preserving limit	3	1	0	0
dial	preserving limit	3	1	0	0
dial	preserving limit	3	0	0	0
dial	preserving limit	3	2	0	0
dial	preserving limit	3	1	0	0
dial	preserving limit	3	3	0	0
exotype	explore	0	1	99200	99200
exotype	explore	0	2	99200	99200
exotype	explore	0	5	99200	99200
exotype	explore	0	9	99200	99200
exotype	explore	0	1	99200	99200
exotype	explore	0	2	99200	99200
exotype	explore	0	4	99200	99200
exotype	explore	0	0	99200	99200
exotype	explore	0	2	99200	99200
exotype	explore	0	4	99200	99200
exotype	explore	1	1	99200	99200
exotype	explore	1	7	99200	99200
exotype	explore	1	2	99200	99200
exotype	explore	1	3	99200	99200
exotype	explore	1	1	99200	99200
exotype	explore	1	6	99200	99200
exotype	explore	1	0	99200	99200
exotype	explore	1	3	99200	99200
exotype	explore	1	2	99200	99200
exotype	explore	1	9	99200	99200
exotype	explore	2	0	99200	99200
exotype	explore	2	1	99200	99200
exotype	explore	2	0	99200	99200
exotype	explore	2	4	99200	99200
exotype	explore	2	1	99200	99200
exotype	explore	2	7	99200	99200
exotype	explore	2	10	99200	99200
exotype	explore	2	1	99200	99200
exotype	explore	2	0	99200	99200
exotype	explore	2	6	99200	99200
exotype	explore	3	1	99200	99200
exotype	explore	3	1	99200	99200
exotype	explore	3	0	99200	99200
exotype	explore	3	0	99200	99200
exotype	explore	3	9	99200	99200
exotype	explore	3	11	99200	99200
exotype	explore	3	0	99200	99200
exotype	explore	3	8	99200	99200
exotype	explore	3	3	99200	99200
exotype	explore	3	2	99200	99200
exotype	explore	4	1	99200	99200
exotype	explore	4	3	99200	99200
exotype	explore	4	2	99200	99200
exotype	explore	4	0	99200	99200
exotype	explore	4	2	99200	99200
exotype	explore	4	1	99200	99200
exotype	explore	4	9	99200	99200
exotype	explore	4	1	99200	99200
exotype	explore	4	7	99200	99200
exotype	explore	4	12	99200	99200
exotype	explore	5	1	99200	99200
exotype	explore	5	0	99200	99200
exotype	explore	5	2	99200	99200
exotype	explore	5	6	99200	99200
exotype	explore	5	1	99200	99200
exotype	explore	5	2	99200	99200
exotype	explore	5	0	99200	99200
exotype	explore	5	0	99200	99200
exotype	explore	5	6	99200	99200
exotype	explore	5	2	99200	99200
exotype	explore	6	0	99200	99200
exotype	explore	6	6	99200	99200
exotype	explore	6	0	99200	99200
exotype	explore	6	1	99200	99200
exotype	explore	6	0	99200	99200
exotype	explore	6	2	99200	99200
exotype	explore	6	8	99200	99200
exotype	explore	6	10	99200	99200
exotype	explore	6	2	99200	99200
exotype	explore	6	7	99200	99200
exotype	explore	7	1	99200	99200
exotype	explore	7	3	99200	99200
exotype	explore	7	4	99200	99200
exotype	explore	7	7	99200	99200
exotype	explore	7	13	99200	99200
exotype	explore	7	4	99200	99200
exotype	explore	7	7	99200	99200
exotype	explore	7	1	99200	99200
exotype	explore	7	1	99200	99200
exotype	explore	7	2	99200	99200
exotype	explore	8	1	99200	99200
exotype	explore	8	3	99200	99200
exotype	explore	8	1	99200	99200
exotype	explore	8	3	99200	99200
exotype	explore	8	3	99200	99200
exotype	explore	8	0	99200	99200
exotype	explore	8	6	99200	99200
exotype	explore	8	5	99200	99200
exotype	explore	8	0	99200	99200
exotype	explore	8	4	99200	99200
exotype	explore	9	0	99200	99200
exotype	explore	9	1	99200	99200
exotype	explore	9	1	99200	99200
exotype	explore	9	4	99200	99200
exotype	explore	9	0	99200	99200
exotype	explore	9	2	99200	99200
exotype	explore	9	0	99200	99200
exotype	explore	9	5	99200	99200
exotype	explore	9	9	99200	99200
exotype	explore	9	5	99200	99200
exotype	explore	10	1	99200	99200
exotype	explore	10	6	99200	99200
exotype	explore	10	5	99200	99200
exotype	explore	10	0	99200	99200
exotype	explore	10	1	99200	99200
exotype	explore	10	1	99200	99200
exotype	explore	10	4	99200	99200
exotype	explore	10	6	99200	99200
exotype	explore	10	5	99200	99200
exotype	explore	10	1	99200	99200
exotype	explore	11	1	99200	99200
exotype	explore	11	1	99200	99200
exotype	explore	11	3	99200	99200
exotype	explore	11	0	99200	99200
exotype	explore	11	3	99200	99200
exotype	explore	11	6	99200	99200
exotype	explore	11	6	99200	99200
exotype	explore	11	3	99200	99200
exotype	explore	11	5	99200	99200
exotype	explore	11	2	99200	99200
exotype	explore	12	0	99200	99200
exotype	explore	12	3	99200	99200
exotype	explore	12	7	99200	99200
exotype	explore	12	4	99200	99200
exotype	explore	12	4	99200	99200
exotype	explore	12	15	99200	99200
exotype	explore	12	12	99200	99200
exotype	explore	12	23	99200	99200
exotype	explore	12	7	99200	99200
exotype	explore	12	4	99200	99200
exotype	explore	13	1	99200	99200
exotype	explore	13	4	99200	99200
exotype	explore	13	0	99200	99200
exotype	explore	13	3	99200	99200
exotype	explore	13	5	99200	99200
exotype	explore	13	1	99200	99200
exotype	explore	13	6	99200	99200
exotype	explore	13	0	99200	99200
exotype	explore	13	6	99200	99200
exotype	explore	13	3	99200	99200
exotype	explore	14	0	99200	99200
exotype	explore	14	6	99200	99200
exotype	explore	14	0	99200	99200
exotype	explore	14	4	99200	99200
exotype	explore	14	0	99200	99200
exotype	explore	14	3	99200	99200
exotype	explore	14	4	99200	99200
exotype	explore	14	2	99200	99200
exotype	explore	14	4	99200	99200
exotype	explore	14	5	99200	99200
exotype	explore	15	0	99200	99200
exotype	explore	15	0	99200	99200
exotype	explore	15	2	99200	99200
exotype	explore	15	6	99200	99200
exotype	explore	15	8	99200	99200
exotype	explore	15	4	99200	99200
exotype	explore	15	1	99200	99200
exotype	explore	15	0	99200	99200
exotype	explore	15	4	99200	99200
exotype	explore	15	1	99200	99200
exotype	hold	0	1	0	99200
exotype	hold	0	3	0	99200
exotype	hold	0	0	0	99200
exotype	hold	0	2	0	99200
exotype	hold	0	2	0	99200
exotype	hold	0	0	0	99200
exotype	hold	0	1	0	99200
exotype	hold	0	0	0	99200
exotype	hold	0	0	0	99200
exotype	hold	0	1	0	99200
exotype	hold	1	0	0	99200
exotype	hold	1	2	0	99200
exotype	hold	1	5	0	99200
exotype	hold	1	0	0	99200
exotype	hold	1	1	0	99200
exotype	hold	1	0	0	99200
exotype	hold	1	0	0	99200
exotype	hold	1	0	0	99200
exotype	hold	1	0	0	99200
exotype	hold	1	0	0	99200
exotype	hold	2	2	0	99200
exotype	hold	2	0	0	99200
exotype	hold	2	1	0	99200
exotype	hold	2	3	0	99200
exotype	hold	2	4	0	99200
exotype	hold	2	0	0	99200
exotype	hold	2	0	0	99200
exotype	hold	2	1	0	99200
exotype	hold	2	1	0	99200
exotype	hold	2	0	0	99200
exotype	hold	3	2	0	99200
exotype	hold	3	1	0	99200
exotype	hold	3	0	0	99200
exotype	hold	3	3	0	99200
exotype	hold	3	1	0	99200
exotype	hold	3	1	0	99200
exotype	hold	3	0	0	99200
exotype	hold	3	2	0	99200
exotype	hold	3	1	0	99200
exotype	hold	3	3	0	99200
exotype	hold	4	1	0	99200
exotype	hold	4	2	0	99200
exotype	hold	4	0	0	99200
exotype	hold	4	0	0	99200
exotype	hold	4	0	0	99200
exotype	hold	4	2	0	99200
exotype	hold	4	1	0	99200
exotype	hold	4	1	0	99200
exotype	hold	4	1	0	99200
exotype	hold	4	0	0	99200
exotype	hold	5	0	0	99200
exotype	hold	5	6	0	99200
exotype	hold	5	0	0	99200
exotype	hold	5	0	0	99200
exotype	hold	5	2	0	99200
exotype	hold	5	0	0	99200
exotype	hold	5	0	0	99200
exotype	hold	5	0	0	99200
exotype	hold	5	5	0	99200
exotype	hold	5	0	0	99200
exotype	hold	6	1	0	99200
exotype	hold	6	1	0	99200
exotype	hold	6	0	0	99200
exotype	hold	6	2	0	99200
exotype	hold	6	0	0	99200
exotype	hold	6	1	0	99200
exotype	hold	6	1	0	99200
exotype	hold	6	1	0	99200
exotype	hold	6	2	0	99200
exotype	hold	6	2	0	99200
exotype	hold	7	1	0	99200
exotype	hold	7	0	0	99200
exotype	hold	7	0	0	99200
exotype	hold	7	0	0	99200
exotype	hold	7	2	0	99200
exotype	hold	7	0	0	99200
exotype	hold	7	0	0	99200
exotype	hold	7	0	0	99200
exotype	hold	7	3	0	99200
exotype	hold	7	1	0	99200
exotype	hold	8	2	0	99200
exotype	hold	8	1	0	99200
exotype	hold	8	0	0	99200
exotype	hold	8	0	0	99200
exotype	hold	8	2	0	99200
exotype	hold	8	0	0	99200
exotype	hold	8	1	0	99200
exotype	hold	8	0	0	99200
exotype	hold	8	0	0	99200
exotype	hold	8	2	0	99200
exotype	hold	9	0	0	99200
exotype	hold	9	1	0	99200
exotype	hold	9	0	0	99200
exotype	hold	9	0	0	99200
exotype	hold	9	0	0	99200
exotype	hold	9	3	0	99200
exotype	hold	9	1	0	99200
exotype	hold	9	4	0	99200
exotype	hold	9	1	0	99200
exotype	hold	9	0	0	99200
exotype	hold	10	0	0	99200
exotype	hold	10	0	0	99200
exotype	hold	10	1	0	99200
exotype	hold	10	3	0	99200
exotype	hold	10	1	0	99200
exotype	hold	10	2	0	99200
exotype	hold	10	4	0	99200
exotype	hold	10	4	0	99200
exotype	hold	10	2	0	99200
exotype	hold	10	5	0	99200
exotype	hold	11	2	0	99200
exotype	hold	11	2	0	99200
exotype	hold	11	2	0	99200
exotype	hold	11	3	0	99200
exotype	hold	11	0	0	99200
exotype	hold	11	0	0	99200
exotype	hold	11	1	0	99200
exotype	hold	11	0	0	99200
exotype	hold	11	1	0	99200
exotype	hold	11	3	0	99200
exotype	hold	12	0	0	99200
exotype	hold	12	2	0	99200
exotype	hold	12	2	0	99200
exotype	hold	12	2	0	99200
exotype	hold	12	0	0	99200
exotype	hold	12	3	0	99200
exotype	hold	12	0	0	99200
exotype	hold	12	0	0	99200
exotype	hold	12	3	0	99200
exotype	hold	12	7	0	99200
exotype	hold	13	0	0	99200
exotype	hold	13	1	0	99200
exotype	hold	13	2	0	99200
exotype	hold	13	0	0	99200
exotype	hold	13	0	0	99200
exotype	hold	13	2	0	99200
exotype	hold	13	0	0	99200
exotype	hold	13	0	0	99200
exotype	hold	13	0	0	99200
exotype	hold	13	1	0	99200
exotype	hold	14	6	0	99200
exotype	hold	14	2	0	99200
exotype	hold	14	2	0	99200
exotype	hold	14	2	0	99200
exotype	hold	14	1	0	99200
exotype	hold	14	1	0	99200
exotype	hold	14	0	0	99200
exotype	hold	14	2	0	99200
exotype	hold	14	4	0	99200
exotype	hold	14	0	0	99200
exotype	hold	15	1	0	99200
exotype	hold	15	1	0	99200
exotype	hold	15	2	0	99200
exotype	hold	15	1	0	99200
exotype	hold	15	0	0	99200
exotype	hold	15	5	0	99200
exotype	hold	15	0	0	99200
exotype	hold	15	1	0	99200
exotype	hold	15	0	0	99200
exotype	hold	15	0	0	99200
exotype	exotype	0	0	11117	99200
exotype	exotype	0	1	11117	99200
exotype	exotype	0	0	11117	99200
exotype	exotype	0	2	11117	99200
exotype	exotype	0	0	11117	99200
exotype	exotype	0	8	11117	99200
exotype	exotype	0	0	11117	99200
exotype	exotype	0	7	11117	99200
exotype	exotype	0	0	11117	99200
exotype	exotype	0	0	11117	99200
exotype	exotype	1	0	8349	99200
exotype	exotype	1	2	8349	99200
exotype	exotype	1	0	8349	99200
exotype	exotype	1	1	8349	99200
exotype	exotype	1	0	8349	99200
exotype	exotype	1	2	8349	99200
exotype	exotype	1	6	8349	99200
exotype	exotype	1	0	8349	99200
exotype	exotype	1	1	8349	99200
exotype	exotype	1	1	8349	99200
exotype	exotype	2	1	10276	99200
exotype	exotype	2	5	10276	99200
exotype	exotype	2	0	10276	99200
exotype	exotype	2	4	10276	99200
exotype	exotype	2	0	10276	99200
exotype	exotype	2	1	10276	99200
exotype	exotype	2	0	10276	99200
exotype	exotype	2	1	10276	99200
exotype	exotype	2	0	10276	99200
exotype	exotype	2	0	10276	99200
exotype	exotype	3	2	9797	99200
exotype	exotype	3	0	9797	99200
exotype	exotype	3	0	9797	99200
exotype	exotype	3	2	9797	99200
exotype	exotype	3	1	9797	99200
exotype	exotype	3	3	9797	99200
exotype	exotype	3	3	9797	99200
exotype	exotype	3	6	9797	99200
exotype	exotype	3	0	9797	99200
exotype	exotype	3	7	9797	99200
exotype	exotype	4	2	15049	99200
exotype	exotype	4	1	15049	99200
exotype	exotype	4	3	15049	99200
exotype	exotype	4	0	15049	99200
exotype	exotype	4	1	15049	99200
exotype	exotype	4	1	15049	99200
exotype	exotype	4	0	15049	99200
exotype	exotype	4	2	15049	99200
exotype	exotype	4	3	15049	99200
exotype	exotype	4	1	15049	99200
exotype	exotype	5	8	9908	99200
exotype	exotype	5	0	9908	99200
exotype	exotype	5	0	9908	99200
exotype	exotype	5	4	9908	99200
exotype	exotype	5	4	9908	99200
exotype	exotype	5	1	9908	99200
exotype	exotype	5	2	9908	99200
exotype	exotype	5	0	9908	99200
exotype	exotype	5	2	9908	99200
exotype	exotype	5	2	9908	99200
exotype	exotype	6	0	9903	99200
exotype	exotype	6	0	9903	99200
exotype	exotype	6	0	9903	99200
exotype	exotype	6	4	9903	99200
exotype	exotype	6	0	9903	99200
exotype	exotype	6	0	9903	99200
exotype	exotype	6	0	9903	99200
exotype	exotype	6	0	9903	99200
exotype	exotype	6	0	9903	99200
exotype	exotype	6	2	9903	99200
exotype	exotype	7	0	12991	99200
exotype	exotype	7	0	12991	99200
exotype	exotype	7	0	12991	99200
exotype	exotype	7	0	12991	99200
exotype	exotype	7	0	12991	99200
exotype	exotype	7	1	12991	99200
exotype	exotype	7	0	12991	99200
exotype	exotype	7	2	12991	99200
exotype	exotype	7	3	12991	99200
exotype	exotype	7	0	12991	99200
exotype	exotype	8	0	14180	99200
exotype	exotype	8	4	14180	99200
exotype	exotype	8	4	14180	99200
exotype	exotype	8	0	14180	99200
exotype	exotype	8	0	14180	99200
exotype	exotype	8	1	14180	99200
exotype	exotype	8	5	14180	99200
exotype	exotype	8	6	14180	99200
exotype	exotype	8	3	14180	99200
exotype	exotype	8	4	14180	99200
exotype	exotype	9	0	10543	99200
exotype	exotype	9	2	10543	99200
exotype	exotype	9	0	10543	99200
exotype	exotype	9	0	10543	99200
exotype	exotype	9	3	10543	99200
exotype	exotype	9	2	10543	99200
exotype	exotype	9	0	10543	99200
exotype	exotype	9	0	10543	99200
exotype	exotype	9	1	10543	99200
exotype	exotype	9	0	10543	99200
exotype	exotype	10	2	13916	99200
exotype	exotype	10	3	13916	99200
exotype	exotype	10	0	13916	99200
exotype	exotype	10	0	13916	99200
exotype	exotype	10	0	13916	99200
exotype	exotype	10	0	13916	99200
exotype	exotype	10	2	13916	99200
exotype	exotype	10	0	13916	99200
exotype	exotype	10	3	13916	99200
exotype	exotype	10	0	13916	99200
exotype	exotype	11	2	13126	99200
exotype	exotype	11	4	13126	99200
exotype	exotype	11	0	13126	99200
exotype	exotype	11	0	13126	99200
exotype	exotype	11	7	13126	99200
exotype	exotype	11	3	13126	99200
exotype	exotype	11	1	13126	99200
exotype	exotype	11	0	13126	99200
exotype	exotype	11	5	13126	99200
exotype	exotype	11	0	13126	99200
exotype	exotype	12	1	8214	99200
exotype	exotype	12	3	8214	99200
exotype	exotype	12	2	8214	99200
exotype	exotype	12	3	8214	99200
exotype	exotype	12	1	8214	99200
exotype	exotype	12	2	8214	99200
exotype	exotype	12	4	8214	99200
exotype	exotype	12	2	8214	99200
exotype	exotype	12	0	8214	99200
exotype	exotype	12	1	8214	99200
exotype	exotype	13	1	13986	99200
exotype	exotype	13	3	13986	99200
exotype	exotype	13	3	13986	99200
exotype	exotype	13	1	13986	99200
exotype	exotype	13	0	13986	99200
exotype	exotype	13	1	13986	99200
exotype	exotype	13	0	13986	99200
exotype	exotype	13	8	13986	99200
exotype	exotype	13	0	13986	99200
exotype	exotype	13	0	13986	99200
exotype	exotype	14	0	8761	99200
exotype	exotype	14	0	8761	99200
exotype	exotype	14	0	8761	99200
exotype	exotype	14	0	8761	99200
exotype	exotype	14	2	8761	99200
exotype	exotype	14	0	8761	99200
exotype	exotype	14	0	8761	99200
exotype	exotype	14	2	8761	99200
exotype	exotype	14	0	8761	99200
exotype	exotype	14	0	8761	99200
exotype	exotype	15	1	12448	99200
exotype	exotype	15	0	12448	99200
exotype	exotype	15	0	12448	99200
exotype	exotype	15	4	12448	99200
exotype	exotype	15	0	12448	99200
exotype	exotype	15	0	12448	99200
exotype	exotype	15	2	12448	99200
exotype	exotype	15	1	12448	99200
exotype	exotype	15	0	12448	99200
exotype	exotype	15	0	12448	99200
exotype	switch transport $1.00$/hold	0	0	5395	48990
exotype	switch transport $1.00$/hold	0	6	5395	48990
exotype	switch transport $1.00$/hold	0	0	5395	48990
exotype	switch transport $1.00$/hold	0	1	5395	48990
exotype	switch transport $1.00$/hold	0	0	5395	48990
exotype	switch transport $1.00$/hold	0	0	5395	48990
exotype	switch transport $1.00$/hold	0	10	5395	48990
exotype	switch transport $1.00$/hold	0	18	5395	48990
exotype	switch transport $1.00$/hold	0	16	5395	48990
exotype	switch transport $1.00$/hold	0	3	5395	48990
exotype	switch transport $1.00$/hold	1	1	3396	48990
exotype	switch transport $1.00$/hold	1	10	3396	48990
exotype	switch transport $1.00$/hold	1	15	3396	48990
exotype	switch transport $1.00$/hold	1	0	3396	48990
exotype	switch transport $1.00$/hold	1	6	3396	48990
exotype	switch transport $1.00$/hold	1	6	3396	48990
exotype	switch transport $1.00$/hold	1	0	3396	48990
exotype	switch transport $1.00$/hold	1	3	3396	48990
exotype	switch transport $1.00$/hold	1	2	3396	48990
exotype	switch transport $1.00$/hold	1	0	3396	48990
exotype	switch transport $1.00$/hold	2	4	2349	48990
exotype	switch transport $1.00$/hold	2	7	2349	48990
exotype	switch transport $1.00$/hold	2	0	2349	48990
exotype	switch transport $1.00$/hold	2	5	2349	48990
exotype	switch transport $1.00$/hold	2	0	2349	48990
exotype	switch transport $1.00$/hold	2	3	2349	48990
exotype	switch transport $1.00$/hold	2	2	2349	48990
exotype	switch transport $1.00$/hold	2	1	2349	48990
exotype	switch transport $1.00$/hold	2	0	2349	48990
exotype	switch transport $1.00$/hold	2	0	2349	48990
exotype	switch transport $1.00$/hold	3	1	5888	48990
exotype	switch transport $1.00$/hold	3	2	5888	48990
exotype	switch transport $1.00$/hold	3	0	5888	48990
exotype	switch transport $1.00$/hold	3	5	5888	48990
exotype	switch transport $1.00$/hold	3	0	5888	48990
exotype	switch transport $1.00$/hold	3	20	5888	48990
exotype	switch transport $1.00$/hold	3	11	5888	48990
exotype	switch transport $1.00$/hold	3	0	5888	48990
exotype	switch transport $1.00$/hold	3	6	5888	48990
exotype	switch transport $1.00$/hold	3	9	5888	48990
exotype	switch transport $1.00$/hold	4	1	4308	48990
exotype	switch transport $1.00$/hold	4	1	4308	48990
exotype	switch transport $1.00$/hold	4	3	4308	48990
exotype	switch transport $1.00$/hold	4	0	4308	48990
exotype	switch transport $1.00$/hold	4	8	4308	48990
exotype	switch transport $1.00$/hold	4	0	4308	48990
exotype	switch transport $1.00$/hold	4	4	4308	48990
exotype	switch transport $1.00$/hold	4	0	4308	48990
exotype	switch transport $1.00$/hold	4	10	4308	48990
exotype	switch transport $1.00$/hold	4	6	4308	48990
exotype	switch transport $1.00$/hold	5	1	5760	48990
exotype	switch transport $1.00$/hold	5	12	5760	48990
exotype	switch transport $1.00$/hold	5	0	5760	48990
exotype	switch transport $1.00$/hold	5	2	5760	48990
exotype	switch transport $1.00$/hold	5	2	5760	48990
exotype	switch transport $1.00$/hold	5	2	5760	48990
exotype	switch transport $1.00$/hold	5	4	5760	48990
exotype	switch transport $1.00$/hold	5	4	5760	48990
exotype	switch transport $1.00$/hold	5	9	5760	48990
exotype	switch transport $1.00$/hold	5	7	5760	48990
exotype	switch transport $1.00$/hold	6	1	1975	48990
exotype	switch transport $1.00$/hold	6	4	1975	48990
exotype	switch transport $1.00$/hold	6	5	1975	48990
exotype	switch transport $1.00$/hold	6	3	1975	48990
exotype	switch transport $1.00$/hold	6	0	1975	48990
exotype	switch transport $1.00$/hold	6	3	1975	48990
exotype	switch transport $1.00$/hold	6	2	1975	48990
exotype	switch transport $1.00$/hold	6	2	1975	48990
exotype	switch transport $1.00$/hold	6	1	1975	48990
exotype	switch transport $1.00$/hold	6	4	1975	48990
exotype	switch transport $1.00$/hold	7	2	943	48990
exotype	switch transport $1.00$/hold	7	0	943	48990
exotype	switch transport $1.00$/hold	7	2	943	48990
exotype	switch transport $1.00$/hold	7	1	943	48990
exotype	switch transport $1.00$/hold	7	3	943	48990
exotype	switch transport $1.00$/hold	7	0	943	48990
exotype	switch transport $1.00$/hold	7	5	943	48990
exotype	switch transport $1.00$/hold	7	2	943	48990
exotype	switch transport $1.00$/hold	7	1	943	48990
exotype	switch transport $1.00$/hold	7	0	943	48990
exotype	switch transport $1.00$/hold	8	0	6660	48990
exotype	switch transport $1.00$/hold	8	2	6660	48990
exotype	switch transport $1.00$/hold	8	1	6660	48990
exotype	switch transport $1.00$/hold	8	0	6660	48990
exotype	switch transport $1.00$/hold	8	2	6660	48990
exotype	switch transport $1.00$/hold	8	7	6660	48990
exotype	switch transport $1.00$/hold	8	0	6660	48990
exotype	switch transport $1.00$/hold	8	6	6660	48990
exotype	switch transport $1.00$/hold	8	1	6660	48990
exotype	switch transport $1.00$/hold	8	4	6660	48990
exotype	switch transport $1.00$/hold	9	2	7483	48990
exotype	switch transport $1.00$/hold	9	6	7483	48990
exotype	switch transport $1.00$/hold	9	13	7483	48990
exotype	switch transport $1.00$/hold	9	11	7483	48990
exotype	switch transport $1.00$/hold	9	14	7483	48990
exotype	switch transport $1.00$/hold	9	9	7483	48990
exotype	switch transport $1.00$/hold	9	7	7483	48990
exotype	switch transport $1.00$/hold	9	0	7483	48990
exotype	switch transport $1.00$/hold	9	0	7483	48990
exotype	switch transport $1.00$/hold	9	0	7483	48990
exotype	switch transport $1.00$/hold	10	0	5992	48990
exotype	switch transport $1.00$/hold	10	1	5992	48990
exotype	switch transport $1.00$/hold	10	5	5992	48990
exotype	switch transport $1.00$/hold	10	2	5992	48990
exotype	switch transport $1.00$/hold	10	3	5992	48990
exotype	switch transport $1.00$/hold	10	5	5992	48990
exotype	switch transport $1.00$/hold	10	0	5992	48990
exotype	switch transport $1.00$/hold	10	3	5992	48990
exotype	switch transport $1.00$/hold	10	2	5992	48990
exotype	switch transport $1.00$/hold	10	2	5992	48990
exotype	switch transport $1.00$/hold	11	0	4478	48990
exotype	switch transport $1.00$/hold	11	0	4478	48990
exotype	switch transport $1.00$/hold	11	3	4478	48990
exotype	switch transport $1.00$/hold	11	1	4478	48990
exotype	switch transport $1.00$/hold	11	0	4478	48990
exotype	switch transport $1.00$/hold	11	6	4478	48990
exotype	switch transport $1.00$/hold	11	3	4478	48990
exotype	switch transport $1.00$/hold	11	5	4478	48990
exotype	switch transport $1.00$/hold	11	0	4478	48990
exotype	switch transport $1.00$/hold	11	6	4478	48990
exotype	switch transport $1.00$/hold	12	0	4753	48990
exotype	switch transport $1.00$/hold	12	0	4753	48990
exotype	switch transport $1.00$/hold	12	3	4753	48990
exotype	switch transport $1.00$/hold	12	4	4753	48990
exotype	switch transport $1.00$/hold	12	0	4753	48990
exotype	switch transport $1.00$/hold	12	5	4753	48990
exotype	switch transport $1.00$/hold	12	8	4753	48990
exotype	switch transport $1.00$/hold	12	4	4753	48990
exotype	switch transport $1.00$/hold	12	7	4753	48990
exotype	switch transport $1.00$/hold	12	3	4753	48990
exotype	switch transport $1.00$/hold	13	0	4958	48990
exotype	switch transport $1.00$/hold	13	3	4958	48990
exotype	switch transport $1.00$/hold	13	0	4958	48990
exotype	switch transport $1.00$/hold	13	4	4958	48990
exotype	switch transport $1.00$/hold	13	9	4958	48990
exotype	switch transport $1.00$/hold	13	1	4958	48990
exotype	switch transport $1.00$/hold	13	4	4958	48990
exotype	switch transport $1.00$/hold	13	6	4958	48990
exotype	switch transport $1.00$/hold	13	1	4958	48990
exotype	switch transport $1.00$/hold	13	0	4958	48990
exotype	switch transport $1.00$/hold	14	1	5673	48990
exotype	switch transport $1.00$/hold	14	0	5673	48990
exotype	switch transport $1.00$/hold	14	6	5673	48990
exotype	switch transport $1.00$/hold	14	10	5673	48990
exotype	switch transport $1.00$/hold	14	0	5673	48990
exotype	switch transport $1.00$/hold	14	6	5673	48990
exotype	switch transport $1.00$/hold	14	0	5673	48990
exotype	switch transport $1.00$/hold	14	10	5673	48990
exotype	switch transport $1.00$/hold	14	4	5673	48990
exotype	switch transport $1.00$/hold	14	3	5673	48990
exotype	switch transport $1.00$/hold	15	2	7916	48990
exotype	switch transport $1.00$/hold	15	0	7916	48990
exotype	switch transport $1.00$/hold	15	11	7916	48990
exotype	switch transport $1.00$/hold	15	0	7916	48990
exotype	switch transport $1.00$/hold	15	10	7916	48990
exotype	switch transport $1.00$/hold	15	3	7916	48990
exotype	switch transport $1.00$/hold	15	2	7916	48990
exotype	switch transport $1.00$/hold	15	1	7916	48990
exotype	switch transport $1.00$/hold	15	8	7916	48990
exotype	switch transport $1.00$/hold	15	0	7916	48990
gain-sweep	switch agree $4/5$, transport $1.00$/hold	0	0	4964	48990
gain-sweep	switch agree $4/5$, transport $1.00$/hold	0	7	4964	48990
gain-sweep	switch agree $4/5$, transport $1.00$/hold	0	0	4964	48990
gain-sweep	switch agree $4/5$, transport $1.00$/hold	0	0	4964	48990
gain-sweep	switch agree $4/5$, transport $1.00$/hold	0	0	4964	48990
gain-sweep	switch agree $4/5$, transport $1.00$/hold	0	0	4964	48990
gain-sweep	switch agree $4/5$, transport $1.00$/hold	0	7	4964	48990
gain-sweep	switch agree $4/5$, transport $1.00$/hold	0	0	4964	48990
gain-sweep	switch agree $4/5$, transport $1.00$/hold	0	1	4964	48990
gain-sweep	switch agree $4/5$, transport $1.00$/hold	0	2	4964	48990
gain-sweep	switch agree $4/5$, transport $1.00$/hold	1	6	6704	48990
gain-sweep	switch agree $4/5$, transport $1.00$/hold	1	12	6704	48990
gain-sweep	switch agree $4/5$, transport $1.00$/hold	1	0	6704	48990
gain-sweep	switch agree $4/5$, transport $1.00$/hold	1	23	6704	48990
gain-sweep	switch agree $4/5$, transport $1.00$/hold	1	19	6704	48990
gain-sweep	switch agree $4/5$, transport $1.00$/hold	1	10	6704	48990
gain-sweep	switch agree $4/5$, transport $1.00$/hold	1	0	6704	48990
gain-sweep	switch agree $4/5$, transport $1.00$/hold	1	22	6704	48990
gain-sweep	switch agree $4/5$, transport $1.00$/hold	1	13	6704	48990
gain-sweep	switch agree $4/5$, transport $1.00$/hold	1	7	6704	48990
gain-sweep	switch agree $4/5$, transport $1.00$/hold	2	6	1933	48990
gain-sweep	switch agree $4/5$, transport $1.00$/hold	2	3	1933	48990
gain-sweep	switch agree $4/5$, transport $1.00$/hold	2	3	1933	48990
gain-sweep	switch agree $4/5$, transport $1.00$/hold	2	1	1933	48990
gain-sweep	switch agree $4/5$, transport $1.00$/hold	2	7	1933	48990
gain-sweep	switch agree $4/5$, transport $1.00$/hold	2	1	1933	48990
gain-sweep	switch agree $4/5$, transport $1.00$/hold	2	3	1933	48990
gain-sweep	switch agree $4/5$, transport $1.00$/hold	2	11	1933	48990
gain-sweep	switch agree $4/5$, transport $1.00$/hold	2	7	1933	48990
gain-sweep	switch agree $4/5$, transport $1.00$/hold	2	4	1933	48990
gain-sweep	switch agree $4/5$, transport $1.00$/hold	3	13	6605	48990
gain-sweep	switch agree $4/5$, transport $1.00$/hold	3	0	6605	48990
gain-sweep	switch agree $4/5$, transport $1.00$/hold	3	8	6605	48990
gain-sweep	switch agree $4/5$, transport $1.00$/hold	3	13	6605	48990
gain-sweep	switch agree $4/5$, transport $1.00$/hold	3	3	6605	48990
gain-sweep	switch agree $4/5$, transport $1.00$/hold	3	16	6605	48990
gain-sweep	switch agree $4/5$, transport $1.00$/hold	3	19	6605	48990
gain-sweep	switch agree $4/5$, transport $1.00$/hold	3	18	6605	48990
gain-sweep	switch agree $4/5$, transport $1.00$/hold	3	12	6605	48990
gain-sweep	switch agree $4/5$, transport $1.00$/hold	3	3	6605	48990
gain-sweep	switch agree $4/5$, transport $1.00$/hold	4	9	5132	48990
gain-sweep	switch agree $4/5$, transport $1.00$/hold	4	0	5132	48990
gain-sweep	switch agree $4/5$, transport $1.00$/hold	4	4	5132	48990
gain-sweep	switch agree $4/5$, transport $1.00$/hold	4	17	5132	48990
gain-sweep	switch agree $4/5$, transport $1.00$/hold	4	10	5132	48990
gain-sweep	switch agree $4/5$, transport $1.00$/hold	4	2	5132	48990
gain-sweep	switch agree $4/5$, transport $1.00$/hold	4	2	5132	48990
gain-sweep	switch agree $4/5$, transport $1.00$/hold	4	3	5132	48990
gain-sweep	switch agree $4/5$, transport $1.00$/hold	4	10	5132	48990
gain-sweep	switch agree $4/5$, transport $1.00$/hold	4	7	5132	48990
gain-sweep	switch agree $4/5$, transport $1.00$/hold	5	2	6425	48990
gain-sweep	switch agree $4/5$, transport $1.00$/hold	5	7	6425	48990
gain-sweep	switch agree $4/5$, transport $1.00$/hold	5	8	6425	48990
gain-sweep	switch agree $4/5$, transport $1.00$/hold	5	13	6425	48990
gain-sweep	switch agree $4/5$, transport $1.00$/hold	5	3	6425	48990
gain-sweep	switch agree $4/5$, transport $1.00$/hold	5	6	6425	48990
gain-sweep	switch agree $4/5$, transport $1.00$/hold	5	4	6425	48990
gain-sweep	switch agree $4/5$, transport $1.00$/hold	5	14	6425	48990
gain-sweep	switch agree $4/5$, transport $1.00$/hold	5	3	6425	48990
gain-sweep	switch agree $4/5$, transport $1.00$/hold	5	11	6425	48990
gain-sweep	switch agree $4/5$, transport $1.00$/hold	6	3	4641	48990
gain-sweep	switch agree $4/5$, transport $1.00$/hold	6	5	4641	48990
gain-sweep	switch agree $4/5$, transport $1.00$/hold	6	1	4641	48990
gain-sweep	switch agree $4/5$, transport $1.00$/hold	6	5	4641	48990
gain-sweep	switch agree $4/5$, transport $1.00$/hold	6	0	4641	48990
gain-sweep	switch agree $4/5$, transport $1.00$/hold	6	14	4641	48990
gain-sweep	switch agree $4/5$, transport $1.00$/hold	6	8	4641	48990
gain-sweep	switch agree $4/5$, transport $1.00$/hold	6	5	4641	48990
gain-sweep	switch agree $4/5$, transport $1.00$/hold	6	8	4641	48990
gain-sweep	switch agree $4/5$, transport $1.00$/hold	6	4	4641	48990
gain-sweep	switch agree $4/5$, transport $1.00$/hold	7	0	3084	48990
gain-sweep	switch agree $4/5$, transport $1.00$/hold	7	4	3084	48990
gain-sweep	switch agree $4/5$, transport $1.00$/hold	7	0	3084	48990
gain-sweep	switch agree $4/5$, transport $1.00$/hold	7	1	3084	48990
gain-sweep	switch agree $4/5$, transport $1.00$/hold	7	3	3084	48990
gain-sweep	switch agree $4/5$, transport $1.00$/hold	7	0	3084	48990
gain-sweep	switch agree $4/5$, transport $1.00$/hold	7	5	3084	48990
gain-sweep	switch agree $4/5$, transport $1.00$/hold	7	5	3084	48990
gain-sweep	switch agree $4/5$, transport $1.00$/hold	7	8	3084	48990
gain-sweep	switch agree $4/5$, transport $1.00$/hold	7	7	3084	48990
gain-sweep	switch agree $4/5$, transport $1.00$/hold	8	12	8965	48990
gain-sweep	switch agree $4/5$, transport $1.00$/hold	8	2	8965	48990
gain-sweep	switch agree $4/5$, transport $1.00$/hold	8	15	8965	48990
gain-sweep	switch agree $4/5$, transport $1.00$/hold	8	13	8965	48990
gain-sweep	switch agree $4/5$, transport $1.00$/hold	8	10	8965	48990
gain-sweep	switch agree $4/5$, transport $1.00$/hold	8	21	8965	48990
gain-sweep	switch agree $4/5$, transport $1.00$/hold	8	11	8965	48990
gain-sweep	switch agree $4/5$, transport $1.00$/hold	8	0	8965	48990
gain-sweep	switch agree $4/5$, transport $1.00$/hold	8	9	8965	48990
gain-sweep	switch agree $4/5$, transport $1.00$/hold	8	7	8965	48990
gain-sweep	switch agree $4/5$, transport $1.00$/hold	9	5	7655	48990
gain-sweep	switch agree $4/5$, transport $1.00$/hold	9	2	7655	48990
gain-sweep	switch agree $4/5$, transport $1.00$/hold	9	15	7655	48990
gain-sweep	switch agree $4/5$, transport $1.00$/hold	9	26	7655	48990
gain-sweep	switch agree $4/5$, transport $1.00$/hold	9	20	7655	48990
gain-sweep	switch agree $4/5$, transport $1.00$/hold	9	20	7655	48990
gain-sweep	switch agree $4/5$, transport $1.00$/hold	9	14	7655	48990
gain-sweep	switch agree $4/5$, transport $1.00$/hold	9	7	7655	48990
gain-sweep	switch agree $4/5$, transport $1.00$/hold	9	4	7655	48990
gain-sweep	switch agree $4/5$, transport $1.00$/hold	9	2	7655	48990
gain-sweep	switch agree $4/5$, transport $1.00$/hold	10	1	5281	48990
gain-sweep	switch agree $4/5$, transport $1.00$/hold	10	1	5281	48990
gain-sweep	switch agree $4/5$, transport $1.00$/hold	10	8	5281	48990
gain-sweep	switch agree $4/5$, transport $1.00$/hold	10	9	5281	48990
gain-sweep	switch agree $4/5$, transport $1.00$/hold	10	0	5281	48990
gain-sweep	switch agree $4/5$, transport $1.00$/hold	10	1	5281	48990
gain-sweep	switch agree $4/5$, transport $1.00$/hold	10	1	5281	48990
gain-sweep	switch agree $4/5$, transport $1.00$/hold	10	0	5281	48990
gain-sweep	switch agree $4/5$, transport $1.00$/hold	10	0	5281	48990
gain-sweep	switch agree $4/5$, transport $1.00$/hold	10	6	5281	48990
gain-sweep	switch agree $4/5$, transport $1.00$/hold	11	16	7425	48990
gain-sweep	switch agree $4/5$, transport $1.00$/hold	11	3	7425	48990
gain-sweep	switch agree $4/5$, transport $1.00$/hold	11	6	7425	48990
gain-sweep	switch agree $4/5$, transport $1.00$/hold	11	5	7425	48990
gain-sweep	switch agree $4/5$, transport $1.00$/hold	11	2	7425	48990
gain-sweep	switch agree $4/5$, transport $1.00$/hold	11	0	7425	48990
gain-sweep	switch agree $4/5$, transport $1.00$/hold	11	19	7425	48990
gain-sweep	switch agree $4/5$, transport $1.00$/hold	11	12	7425	48990
gain-sweep	switch agree $4/5$, transport $1.00$/hold	11	8	7425	48990
gain-sweep	switch agree $4/5$, transport $1.00$/hold	11	15	7425	48990
gain-sweep	switch agree $4/5$, transport $1.00$/hold	12	2	1832	48990
gain-sweep	switch agree $4/5$, transport $1.00$/hold	12	5	1832	48990
gain-sweep	switch agree $4/5$, transport $1.00$/hold	12	2	1832	48990
gain-sweep	switch agree $4/5$, transport $1.00$/hold	12	6	1832	48990
gain-sweep	switch agree $4/5$, transport $1.00$/hold	12	2	1832	48990
gain-sweep	switch agree $4/5$, transport $1.00$/hold	12	0	1832	48990
gain-sweep	switch agree $4/5$, transport $1.00$/hold	12	0	1832	48990
gain-sweep	switch agree $4/5$, transport $1.00$/hold	12	2	1832	48990
gain-sweep	switch agree $4/5$, transport $1.00$/hold	12	3	1832	48990
gain-sweep	switch agree $4/5$, transport $1.00$/hold	12	2	1832	48990
gain-sweep	switch agree $4/5$, transport $1.00$/hold	13	0	9217	48990
gain-sweep	switch agree $4/5$, transport $1.00$/hold	13	8	9217	48990
gain-sweep	switch agree $4/5$, transport $1.00$/hold	13	12	9217	48990
gain-sweep	switch agree $4/5$, transport $1.00$/hold	13	15	9217	48990
gain-sweep	switch agree $4/5$, transport $1.00$/hold	13	12	9217	48990
gain-sweep	switch agree $4/5$, transport $1.00$/hold	13	9	9217	48990
gain-sweep	switch agree $4/5$, transport $1.00$/hold	13	19	9217	48990
gain-sweep	switch agree $4/5$, transport $1.00$/hold	13	0	9217	48990
gain-sweep	switch agree $4/5$, transport $1.00$/hold	13	13	9217	48990
gain-sweep	switch agree $4/5$, transport $1.00$/hold	13	3	9217	48990
gain-sweep	switch agree $4/5$, transport $1.00$/hold	14	9	7897	48990
gain-sweep	switch agree $4/5$, transport $1.00$/hold	14	9	7897	48990
gain-sweep	switch agree $4/5$, transport $1.00$/hold	14	0	7897	48990
gain-sweep	switch agree $4/5$, transport $1.00$/hold	14	19	7897	48990
gain-sweep	switch agree $4/5$, transport $1.00$/hold	14	13	7897	48990
gain-sweep	switch agree $4/5$, transport $1.00$/hold	14	16	7897	48990
gain-sweep	switch agree $4/5$, transport $1.00$/hold	14	10	7897	48990
gain-sweep	switch agree $4/5$, transport $1.00$/hold	14	16	7897	48990
gain-sweep	switch agree $4/5$, transport $1.00$/hold	14	4	7897	48990
gain-sweep	switch agree $4/5$, transport $1.00$/hold	14	1	7897	48990
gain-sweep	switch agree $4/5$, transport $1.00$/hold	15	2	6436	48990
gain-sweep	switch agree $4/5$, transport $1.00$/hold	15	1	6436	48990
gain-sweep	switch agree $4/5$, transport $1.00$/hold	15	2	6436	48990
gain-sweep	switch agree $4/5$, transport $1.00$/hold	15	3	6436	48990
gain-sweep	switch agree $4/5$, transport $1.00$/hold	15	0	6436	48990
gain-sweep	switch agree $4/5$, transport $1.00$/hold	15	6	6436	48990
gain-sweep	switch agree $4/5$, transport $1.00$/hold	15	6	6436	48990
gain-sweep	switch agree $4/5$, transport $1.00$/hold	15	0	6436	48990
gain-sweep	switch agree $4/5$, transport $1.00$/hold	15	8	6436	48990
gain-sweep	switch agree $4/5$, transport $1.00$/hold	15	0	6436	48990
gain-sweep	switch agree $3/5$, transport $1.00$/hold	0	17	33082	48990
gain-sweep	switch agree $3/5$, transport $1.00$/hold	0	27	33082	48990
gain-sweep	switch agree $3/5$, transport $1.00$/hold	0	21	33082	48990
gain-sweep	switch agree $3/5$, transport $1.00$/hold	0	24	33082	48990
gain-sweep	switch agree $3/5$, transport $1.00$/hold	0	32	33082	48990
gain-sweep	switch agree $3/5$, transport $1.00$/hold	0	34	33082	48990
gain-sweep	switch agree $3/5$, transport $1.00$/hold	0	26	33082	48990
gain-sweep	switch agree $3/5$, transport $1.00$/hold	0	25	33082	48990
gain-sweep	switch agree $3/5$, transport $1.00$/hold	0	24	33082	48990
gain-sweep	switch agree $3/5$, transport $1.00$/hold	0	29	33082	48990
gain-sweep	switch agree $3/5$, transport $1.00$/hold	1	30	33306	48990
gain-sweep	switch agree $3/5$, transport $1.00$/hold	1	36	33306	48990
gain-sweep	switch agree $3/5$, transport $1.00$/hold	1	40	33306	48990
gain-sweep	switch agree $3/5$, transport $1.00$/hold	1	34	33306	48990
gain-sweep	switch agree $3/5$, transport $1.00$/hold	1	34	33306	48990
gain-sweep	switch agree $3/5$, transport $1.00$/hold	1	31	33306	48990
gain-sweep	switch agree $3/5$, transport $1.00$/hold	1	45	33306	48990
gain-sweep	switch agree $3/5$, transport $1.00$/hold	1	45	33306	48990
gain-sweep	switch agree $3/5$, transport $1.00$/hold	1	25	33306	48990
gain-sweep	switch agree $3/5$, transport $1.00$/hold	1	42	33306	48990
gain-sweep	switch agree $3/5$, transport $1.00$/hold	2	36	32738	48990
gain-sweep	switch agree $3/5$, transport $1.00$/hold	2	35	32738	48990
gain-sweep	switch agree $3/5$, transport $1.00$/hold	2	40	32738	48990
gain-sweep	switch agree $3/5$, transport $1.00$/hold	2	34	32738	48990
gain-sweep	switch agree $3/5$, transport $1.00$/hold	2	31	32738	48990
gain-sweep	switch agree $3/5$, transport $1.00$/hold	2	34	32738	48990
gain-sweep	switch agree $3/5$, transport $1.00$/hold	2	32	32738	48990
gain-sweep	switch agree $3/5$, transport $1.00$/hold	2	44	32738	48990
gain-sweep	switch agree $3/5$, transport $1.00$/hold	2	35	32738	48990
gain-sweep	switch agree $3/5$, transport $1.00$/hold	2	33	32738	48990
gain-sweep	switch agree $3/5$, transport $1.00$/hold	3	33	33403	48990
gain-sweep	switch agree $3/5$, transport $1.00$/hold	3	40	33403	48990
gain-sweep	switch agree $3/5$, transport $1.00$/hold	3	34	33403	48990
gain-sweep	switch agree $3/5$, transport $1.00$/hold	3	37	33403	48990
gain-sweep	switch agree $3/5$, transport $1.00$/hold	3	44	33403	48990
gain-sweep	switch agree $3/5$, transport $1.00$/hold	3	41	33403	48990
gain-sweep	switch agree $3/5$, transport $1.00$/hold	3	46	33403	48990
gain-sweep	switch agree $3/5$, transport $1.00$/hold	3	43	33403	48990
gain-sweep	switch agree $3/5$, transport $1.00$/hold	3	35	33403	48990
gain-sweep	switch agree $3/5$, transport $1.00$/hold	3	31	33403	48990
gain-sweep	switch agree $3/5$, transport $1.00$/hold	4	22	34590	48990
gain-sweep	switch agree $3/5$, transport $1.00$/hold	4	15	34590	48990
gain-sweep	switch agree $3/5$, transport $1.00$/hold	4	28	34590	48990
gain-sweep	switch agree $3/5$, transport $1.00$/hold	4	35	34590	48990
gain-sweep	switch agree $3/5$, transport $1.00$/hold	4	38	34590	48990
gain-sweep	switch agree $3/5$, transport $1.00$/hold	4	33	34590	48990
gain-sweep	switch agree $3/5$, transport $1.00$/hold	4	46	34590	48990
gain-sweep	switch agree $3/5$, transport $1.00$/hold	4	42	34590	48990
gain-sweep	switch agree $3/5$, transport $1.00$/hold	4	31	34590	48990
gain-sweep	switch agree $3/5$, transport $1.00$/hold	4	22	34590	48990
gain-sweep	switch agree $3/5$, transport $1.00$/hold	5	29	34518	48990
gain-sweep	switch agree $3/5$, transport $1.00$/hold	5	42	34518	48990
gain-sweep	switch agree $3/5$, transport $1.00$/hold	5	0	34518	48990
gain-sweep	switch agree $3/5$, transport $1.00$/hold	5	27	34518	48990
gain-sweep	switch agree $3/5$, transport $1.00$/hold	5	30	34518	48990
gain-sweep	switch agree $3/5$, transport $1.00$/hold	5	31	34518	48990
gain-sweep	switch agree $3/5$, transport $1.00$/hold	5	38	34518	48990
gain-sweep	switch agree $3/5$, transport $1.00$/hold	5	32	34518	48990
gain-sweep	switch agree $3/5$, transport $1.00$/hold	5	38	34518	48990
gain-sweep	switch agree $3/5$, transport $1.00$/hold	5	33	34518	48990
gain-sweep	switch agree $3/5$, transport $1.00$/hold	6	46	33356	48990
gain-sweep	switch agree $3/5$, transport $1.00$/hold	6	37	33356	48990
gain-sweep	switch agree $3/5$, transport $1.00$/hold	6	35	33356	48990
gain-sweep	switch agree $3/5$, transport $1.00$/hold	6	34	33356	48990
gain-sweep	switch agree $3/5$, transport $1.00$/hold	6	39	33356	48990
gain-sweep	switch agree $3/5$, transport $1.00$/hold	6	37	33356	48990
gain-sweep	switch agree $3/5$, transport $1.00$/hold	6	28	33356	48990
gain-sweep	switch agree $3/5$, transport $1.00$/hold	6	29	33356	48990
gain-sweep	switch agree $3/5$, transport $1.00$/hold	6	31	33356	48990
gain-sweep	switch agree $3/5$, transport $1.00$/hold	6	32	33356	48990
gain-sweep	switch agree $3/5$, transport $1.00$/hold	7	34	33203	48990
gain-sweep	switch agree $3/5$, transport $1.00$/hold	7	36	33203	48990
gain-sweep	switch agree $3/5$, transport $1.00$/hold	7	32	33203	48990
gain-sweep	switch agree $3/5$, transport $1.00$/hold	7	32	33203	48990
gain-sweep	switch agree $3/5$, transport $1.00$/hold	7	46	33203	48990
gain-sweep	switch agree $3/5$, transport $1.00$/hold	7	32	33203	48990
gain-sweep	switch agree $3/5$, transport $1.00$/hold	7	36	33203	48990
gain-sweep	switch agree $3/5$, transport $1.00$/hold	7	32	33203	48990
gain-sweep	switch agree $3/5$, transport $1.00$/hold	7	44	33203	48990
gain-sweep	switch agree $3/5$, transport $1.00$/hold	7	17	33203	48990
gain-sweep	switch agree $3/5$, transport $1.00$/hold	8	28	33779	48990
gain-sweep	switch agree $3/5$, transport $1.00$/hold	8	17	33779	48990
gain-sweep	switch agree $3/5$, transport $1.00$/hold	8	31	33779	48990
gain-sweep	switch agree $3/5$, transport $1.00$/hold	8	37	33779	48990
gain-sweep	switch agree $3/5$, transport $1.00$/hold	8	32	33779	48990
gain-sweep	switch agree $3/5$, transport $1.00$/hold	8	31	33779	48990
gain-sweep	switch agree $3/5$, transport $1.00$/hold	8	31	33779	48990
gain-sweep	switch agree $3/5$, transport $1.00$/hold	8	21	33779	48990
gain-sweep	switch agree $3/5$, transport $1.00$/hold	8	20	33779	48990
gain-sweep	switch agree $3/5$, transport $1.00$/hold	8	0	33779	48990
gain-sweep	switch agree $3/5$, transport $1.00$/hold	9	32	33298	48990
gain-sweep	switch agree $3/5$, transport $1.00$/hold	9	33	33298	48990
gain-sweep	switch agree $3/5$, transport $1.00$/hold	9	39	33298	48990
gain-sweep	switch agree $3/5$, transport $1.00$/hold	9	42	33298	48990
gain-sweep	switch agree $3/5$, transport $1.00$/hold	9	42	33298	48990
gain-sweep	switch agree $3/5$, transport $1.00$/hold	9	26	33298	48990
gain-sweep	switch agree $3/5$, transport $1.00$/hold	9	33	33298	48990
gain-sweep	switch agree $3/5$, transport $1.00$/hold	9	43	33298	48990
gain-sweep	switch agree $3/5$, transport $1.00$/hold	9	33	33298	48990
gain-sweep	switch agree $3/5$, transport $1.00$/hold	9	38	33298	48990
gain-sweep	switch agree $3/5$, transport $1.00$/hold	10	47	33034	48990
gain-sweep	switch agree $3/5$, transport $1.00$/hold	10	29	33034	48990
gain-sweep	switch agree $3/5$, transport $1.00$/hold	10	36	33034	48990
gain-sweep	switch agree $3/5$, transport $1.00$/hold	10	27	33034	48990
gain-sweep	switch agree $3/5$, transport $1.00$/hold	10	29	33034	48990
gain-sweep	switch agree $3/5$, transport $1.00$/hold	10	46	33034	48990
gain-sweep	switch agree $3/5$, transport $1.00$/hold	10	40	33034	48990
gain-sweep	switch agree $3/5$, transport $1.00$/hold	10	41	33034	48990
gain-sweep	switch agree $3/5$, transport $1.00$/hold	10	43	33034	48990
gain-sweep	switch agree $3/5$, transport $1.00$/hold	10	40	33034	48990
gain-sweep	switch agree $3/5$, transport $1.00$/hold	11	35	33717	48990
gain-sweep	switch agree $3/5$, transport $1.00$/hold	11	33	33717	48990
gain-sweep	switch agree $3/5$, transport $1.00$/hold	11	37	33717	48990
gain-sweep	switch agree $3/5$, transport $1.00$/hold	11	30	33717	48990
gain-sweep	switch agree $3/5$, transport $1.00$/hold	11	38	33717	48990
gain-sweep	switch agree $3/5$, transport $1.00$/hold	11	34	33717	48990
gain-sweep	switch agree $3/5$, transport $1.00$/hold	11	43	33717	48990
gain-sweep	switch agree $3/5$, transport $1.00$/hold	11	35	33717	48990
gain-sweep	switch agree $3/5$, transport $1.00$/hold	11	37	33717	48990
gain-sweep	switch agree $3/5$, transport $1.00$/hold	11	40	33717	48990
gain-sweep	switch agree $3/5$, transport $1.00$/hold	12	0	33232	48990
gain-sweep	switch agree $3/5$, transport $1.00$/hold	12	37	33232	48990
gain-sweep	switch agree $3/5$, transport $1.00$/hold	12	43	33232	48990
gain-sweep	switch agree $3/5$, transport $1.00$/hold	12	40	33232	48990
gain-sweep	switch agree $3/5$, transport $1.00$/hold	12	39	33232	48990
gain-sweep	switch agree $3/5$, transport $1.00$/hold	12	39	33232	48990
gain-sweep	switch agree $3/5$, transport $1.00$/hold	12	31	33232	48990
gain-sweep	switch agree $3/5$, transport $1.00$/hold	12	35	33232	48990
gain-sweep	switch agree $3/5$, transport $1.00$/hold	12	36	33232	48990
gain-sweep	switch agree $3/5$, transport $1.00$/hold	12	20	33232	48990
gain-sweep	switch agree $3/5$, transport $1.00$/hold	13	36	33552	48990
gain-sweep	switch agree $3/5$, transport $1.00$/hold	13	38	33552	48990
gain-sweep	switch agree $3/5$, transport $1.00$/hold	13	31	33552	48990
gain-sweep	switch agree $3/5$, transport $1.00$/hold	13	38	33552	48990
gain-sweep	switch agree $3/5$, transport $1.00$/hold	13	31	33552	48990
gain-sweep	switch agree $3/5$, transport $1.00$/hold	13	38	33552	48990
gain-sweep	switch agree $3/5$, transport $1.00$/hold	13	32	33552	48990
gain-sweep	switch agree $3/5$, transport $1.00$/hold	13	43	33552	48990
gain-sweep	switch agree $3/5$, transport $1.00$/hold	13	28	33552	48990
gain-sweep	switch agree $3/5$, transport $1.00$/hold	13	36	33552	48990
gain-sweep	switch agree $3/5$, transport $1.00$/hold	14	25	33863	48990
gain-sweep	switch agree $3/5$, transport $1.00$/hold	14	25	33863	48990
gain-sweep	switch agree $3/5$, transport $1.00$/hold	14	32	33863	48990
gain-sweep	switch agree $3/5$, transport $1.00$/hold	14	30	33863	48990
gain-sweep	switch agree $3/5$, transport $1.00$/hold	14	32	33863	48990
gain-sweep	switch agree $3/5$, transport $1.00$/hold	14	34	33863	48990
gain-sweep	switch agree $3/5$, transport $1.00$/hold	14	36	33863	48990
gain-sweep	switch agree $3/5$, transport $1.00$/hold	14	0	33863	48990
gain-sweep	switch agree $3/5$, transport $1.00$/hold	14	37	33863	48990
gain-sweep	switch agree $3/5$, transport $1.00$/hold	14	35	33863	48990
gain-sweep	switch agree $3/5$, transport $1.00$/hold	15	44	32848	48990
gain-sweep	switch agree $3/5$, transport $1.00$/hold	15	24	32848	48990
gain-sweep	switch agree $3/5$, transport $1.00$/hold	15	26	32848	48990
gain-sweep	switch agree $3/5$, transport $1.00$/hold	15	40	32848	48990
gain-sweep	switch agree $3/5$, transport $1.00$/hold	15	35	32848	48990
gain-sweep	switch agree $3/5$, transport $1.00$/hold	15	38	32848	48990
gain-sweep	switch agree $3/5$, transport $1.00$/hold	15	37	32848	48990
gain-sweep	switch agree $3/5$, transport $1.00$/hold	15	27	32848	48990
gain-sweep	switch agree $3/5$, transport $1.00$/hold	15	27	32848	48990
gain-sweep	switch agree $3/5$, transport $1.00$/hold	15	41	32848	48990
gain-sweep	switch agree $5/7$, transport $1.00$/hold	0	0	7905	48990
gain-sweep	switch agree $5/7$, transport $1.00$/hold	0	11	7905	48990
gain-sweep	switch agree $5/7$, transport $1.00$/hold	0	4	7905	48990
gain-sweep	switch agree $5/7$, transport $1.00$/hold	0	14	7905	48990
gain-sweep	switch agree $5/7$, transport $1.00$/hold	0	0	7905	48990
gain-sweep	switch agree $5/7$, transport $1.00$/hold	0	18	7905	48990
gain-sweep	switch agree $5/7$, transport $1.00$/hold	0	22	7905	48990
gain-sweep	switch agree $5/7$, transport $1.00$/hold	0	21	7905	48990
gain-sweep	switch agree $5/7$, transport $1.00$/hold	0	21	7905	48990
gain-sweep	switch agree $5/7$, transport $1.00$/hold	0	16	7905	48990
gain-sweep	switch agree $5/7$, transport $1.00$/hold	1	27	14093	48990
gain-sweep	switch agree $5/7$, transport $1.00$/hold	1	31	14093	48990
gain-sweep	switch agree $5/7$, transport $1.00$/hold	1	23	14093	48990
gain-sweep	switch agree $5/7$, transport $1.00$/hold	1	18	14093	48990
gain-sweep	switch agree $5/7$, transport $1.00$/hold	1	31	14093	48990
gain-sweep	switch agree $5/7$, transport $1.00$/hold	1	37	14093	48990
gain-sweep	switch agree $5/7$, transport $1.00$/hold	1	31	14093	48990
gain-sweep	switch agree $5/7$, transport $1.00$/hold	1	0	14093	48990
gain-sweep	switch agree $5/7$, transport $1.00$/hold	1	12	14093	48990
gain-sweep	switch agree $5/7$, transport $1.00$/hold	1	12	14093	48990
gain-sweep	switch agree $5/7$, transport $1.00$/hold	2	29	11276	48990
gain-sweep	switch agree $5/7$, transport $1.00$/hold	2	27	11276	48990
gain-sweep	switch agree $5/7$, transport $1.00$/hold	2	0	11276	48990
gain-sweep	switch agree $5/7$, transport $1.00$/hold	2	19	11276	48990
gain-sweep	switch agree $5/7$, transport $1.00$/hold	2	26	11276	48990
gain-sweep	switch agree $5/7$, transport $1.00$/hold	2	14	11276	48990
gain-sweep	switch agree $5/7$, transport $1.00$/hold	2	26	11276	48990
gain-sweep	switch agree $5/7$, transport $1.00$/hold	2	15	11276	48990
gain-sweep	switch agree $5/7$, transport $1.00$/hold	2	15	11276	48990
gain-sweep	switch agree $5/7$, transport $1.00$/hold	2	14	11276	48990
gain-sweep	switch agree $5/7$, transport $1.00$/hold	3	30	13729	48990
gain-sweep	switch agree $5/7$, transport $1.00$/hold	3	44	13729	48990
gain-sweep	switch agree $5/7$, transport $1.00$/hold	3	36	13729	48990
gain-sweep	switch agree $5/7$, transport $1.00$/hold	3	39	13729	48990
gain-sweep	switch agree $5/7$, transport $1.00$/hold	3	29	13729	48990
gain-sweep	switch agree $5/7$, transport $1.00$/hold	3	29	13729	48990
gain-sweep	switch agree $5/7$, transport $1.00$/hold	3	31	13729	48990
gain-sweep	switch agree $5/7$, transport $1.00$/hold	3	36	13729	48990
gain-sweep	switch agree $5/7$, transport $1.00$/hold	3	29	13729	48990
gain-sweep	switch agree $5/7$, transport $1.00$/hold	3	0	13729	48990
gain-sweep	switch agree $5/7$, transport $1.00$/hold	4	25	6416	48990
gain-sweep	switch agree $5/7$, transport $1.00$/hold	4	10	6416	48990
gain-sweep	switch agree $5/7$, transport $1.00$/hold	4	6	6416	48990
gain-sweep	switch agree $5/7$, transport $1.00$/hold	4	17	6416	48990
gain-sweep	switch agree $5/7$, transport $1.00$/hold	4	6	6416	48990
gain-sweep	switch agree $5/7$, transport $1.00$/hold	4	4	6416	48990
gain-sweep	switch agree $5/7$, transport $1.00$/hold	4	11	6416	48990
gain-sweep	switch agree $5/7$, transport $1.00$/hold	4	23	6416	48990
gain-sweep	switch agree $5/7$, transport $1.00$/hold	4	13	6416	48990
gain-sweep	switch agree $5/7$, transport $1.00$/hold	4	10	6416	48990
gain-sweep	switch agree $5/7$, transport $1.00$/hold	5	14	14438	48990
gain-sweep	switch agree $5/7$, transport $1.00$/hold	5	23	14438	48990
gain-sweep	switch agree $5/7$, transport $1.00$/hold	5	11	14438	48990
gain-sweep	switch agree $5/7$, transport $1.00$/hold	5	28	14438	48990
gain-sweep	switch agree $5/7$, transport $1.00$/hold	5	30	14438	48990
gain-sweep	switch agree $5/7$, transport $1.00$/hold	5	32	14438	48990
gain-sweep	switch agree $5/7$, transport $1.00$/hold	5	24	14438	48990
gain-sweep	switch agree $5/7$, transport $1.00$/hold	5	24	14438	48990
gain-sweep	switch agree $5/7$, transport $1.00$/hold	5	14	14438	48990
gain-sweep	switch agree $5/7$, transport $1.00$/hold	5	17	14438	48990
gain-sweep	switch agree $5/7$, transport $1.00$/hold	6	24	11753	48990
gain-sweep	switch agree $5/7$, transport $1.00$/hold	6	4	11753	48990
gain-sweep	switch agree $5/7$, transport $1.00$/hold	6	16	11753	48990
gain-sweep	switch agree $5/7$, transport $1.00$/hold	6	21	11753	48990
gain-sweep	switch agree $5/7$, transport $1.00$/hold	6	20	11753	48990
gain-sweep	switch agree $5/7$, transport $1.00$/hold	6	30	11753	48990
gain-sweep	switch agree $5/7$, transport $1.00$/hold	6	9	11753	48990
gain-sweep	switch agree $5/7$, transport $1.00$/hold	6	1	11753	48990
gain-sweep	switch agree $5/7$, transport $1.00$/hold	6	12	11753	48990
gain-sweep	switch agree $5/7$, transport $1.00$/hold	6	13	11753	48990
gain-sweep	switch agree $5/7$, transport $1.00$/hold	7	14	9649	48990
gain-sweep	switch agree $5/7$, transport $1.00$/hold	7	10	9649	48990
gain-sweep	switch agree $5/7$, transport $1.00$/hold	7	24	9649	48990
gain-sweep	switch agree $5/7$, transport $1.00$/hold	7	26	9649	48990
gain-sweep	switch agree $5/7$, transport $1.00$/hold	7	23	9649	48990
gain-sweep	switch agree $5/7$, transport $1.00$/hold	7	15	9649	48990
gain-sweep	switch agree $5/7$, transport $1.00$/hold	7	16	9649	48990
gain-sweep	switch agree $5/7$, transport $1.00$/hold	7	24	9649	48990
gain-sweep	switch agree $5/7$, transport $1.00$/hold	7	12	9649	48990
gain-sweep	switch agree $5/7$, transport $1.00$/hold	7	3	9649	48990
gain-sweep	switch agree $5/7$, transport $1.00$/hold	8	18	14767	48990
gain-sweep	switch agree $5/7$, transport $1.00$/hold	8	31	14767	48990
gain-sweep	switch agree $5/7$, transport $1.00$/hold	8	17	14767	48990
gain-sweep	switch agree $5/7$, transport $1.00$/hold	8	26	14767	48990
gain-sweep	switch agree $5/7$, transport $1.00$/hold	8	25	14767	48990
gain-sweep	switch agree $5/7$, transport $1.00$/hold	8	33	14767	48990
gain-sweep	switch agree $5/7$, transport $1.00$/hold	8	29	14767	48990
gain-sweep	switch agree $5/7$, transport $1.00$/hold	8	26	14767	48990
gain-sweep	switch agree $5/7$, transport $1.00$/hold	8	37	14767	48990
gain-sweep	switch agree $5/7$, transport $1.00$/hold	8	0	14767	48990
gain-sweep	switch agree $5/7$, transport $1.00$/hold	9	23	13176	48990
gain-sweep	switch agree $5/7$, transport $1.00$/hold	9	0	13176	48990
gain-sweep	switch agree $5/7$, transport $1.00$/hold	9	35	13176	48990
gain-sweep	switch agree $5/7$, transport $1.00$/hold	9	23	13176	48990
gain-sweep	switch agree $5/7$, transport $1.00$/hold	9	23	13176	48990
gain-sweep	switch agree $5/7$, transport $1.00$/hold	9	29	13176	48990
gain-sweep	switch agree $5/7$, transport $1.00$/hold	9	16	13176	48990
gain-sweep	switch agree $5/7$, transport $1.00$/hold	9	2	13176	48990
gain-sweep	switch agree $5/7$, transport $1.00$/hold	9	3	13176	48990
gain-sweep	switch agree $5/7$, transport $1.00$/hold	9	0	13176	48990
gain-sweep	switch agree $5/7$, transport $1.00$/hold	10	0	12288	48990
gain-sweep	switch agree $5/7$, transport $1.00$/hold	10	31	12288	48990
gain-sweep	switch agree $5/7$, transport $1.00$/hold	10	36	12288	48990
gain-sweep	switch agree $5/7$, transport $1.00$/hold	10	0	12288	48990
gain-sweep	switch agree $5/7$, transport $1.00$/hold	10	18	12288	48990
gain-sweep	switch agree $5/7$, transport $1.00$/hold	10	13	12288	48990
gain-sweep	switch agree $5/7$, transport $1.00$/hold	10	30	12288	48990
gain-sweep	switch agree $5/7$, transport $1.00$/hold	10	32	12288	48990
gain-sweep	switch agree $5/7$, transport $1.00$/hold	10	17	12288	48990
gain-sweep	switch agree $5/7$, transport $1.00$/hold	10	22	12288	48990
gain-sweep	switch agree $5/7$, transport $1.00$/hold	11	23	10734	48990
gain-sweep	switch agree $5/7$, transport $1.00$/hold	11	18	10734	48990
gain-sweep	switch agree $5/7$, transport $1.00$/hold	11	23	10734	48990
gain-sweep	switch agree $5/7$, transport $1.00$/hold	11	10	10734	48990
gain-sweep	switch agree $5/7$, transport $1.00$/hold	11	15	10734	48990
gain-sweep	switch agree $5/7$, transport $1.00$/hold	11	0	10734	48990
gain-sweep	switch agree $5/7$, transport $1.00$/hold	11	31	10734	48990
gain-sweep	switch agree $5/7$, transport $1.00$/hold	11	15	10734	48990
gain-sweep	switch agree $5/7$, transport $1.00$/hold	11	9	10734	48990
gain-sweep	switch agree $5/7$, transport $1.00$/hold	11	16	10734	48990
gain-sweep	switch agree $5/7$, transport $1.00$/hold	12	10	10059	48990
gain-sweep	switch agree $5/7$, transport $1.00$/hold	12	36	10059	48990
gain-sweep	switch agree $5/7$, transport $1.00$/hold	12	9	10059	48990
gain-sweep	switch agree $5/7$, transport $1.00$/hold	12	14	10059	48990
gain-sweep	switch agree $5/7$, transport $1.00$/hold	12	0	10059	48990
gain-sweep	switch agree $5/7$, transport $1.00$/hold	12	27	10059	48990
gain-sweep	switch agree $5/7$, transport $1.00$/hold	12	29	10059	48990
gain-sweep	switch agree $5/7$, transport $1.00$/hold	12	7	10059	48990
gain-sweep	switch agree $5/7$, transport $1.00$/hold	12	18	10059	48990
gain-sweep	switch agree $5/7$, transport $1.00$/hold	12	11	10059	48990
gain-sweep	switch agree $5/7$, transport $1.00$/hold	13	13	12208	48990
gain-sweep	switch agree $5/7$, transport $1.00$/hold	13	23	12208	48990
gain-sweep	switch agree $5/7$, transport $1.00$/hold	13	22	12208	48990
gain-sweep	switch agree $5/7$, transport $1.00$/hold	13	27	12208	48990
gain-sweep	switch agree $5/7$, transport $1.00$/hold	13	25	12208	48990
gain-sweep	switch agree $5/7$, transport $1.00$/hold	13	30	12208	48990
gain-sweep	switch agree $5/7$, transport $1.00$/hold	13	0	12208	48990
gain-sweep	switch agree $5/7$, transport $1.00$/hold	13	24	12208	48990
gain-sweep	switch agree $5/7$, transport $1.00$/hold	13	20	12208	48990
gain-sweep	switch agree $5/7$, transport $1.00$/hold	13	0	12208	48990
gain-sweep	switch agree $5/7$, transport $1.00$/hold	14	29	13245	48990
gain-sweep	switch agree $5/7$, transport $1.00$/hold	14	28	13245	48990
gain-sweep	switch agree $5/7$, transport $1.00$/hold	14	22	13245	48990
gain-sweep	switch agree $5/7$, transport $1.00$/hold	14	27	13245	48990
gain-sweep	switch agree $5/7$, transport $1.00$/hold	14	19	13245	48990
gain-sweep	switch agree $5/7$, transport $1.00$/hold	14	8	13245	48990
gain-sweep	switch agree $5/7$, transport $1.00$/hold	14	24	13245	48990
gain-sweep	switch agree $5/7$, transport $1.00$/hold	14	15	13245	48990
gain-sweep	switch agree $5/7$, transport $1.00$/hold	14	36	13245	48990
gain-sweep	switch agree $5/7$, transport $1.00$/hold	14	28	13245	48990
gain-sweep	switch agree $5/7$, transport $1.00$/hold	15	0	9945	48990
gain-sweep	switch agree $5/7$, transport $1.00$/hold	15	14	9945	48990
gain-sweep	switch agree $5/7$, transport $1.00$/hold	15	26	9945	48990
gain-sweep	switch agree $5/7$, transport $1.00$/hold	15	21	9945	48990
gain-sweep	switch agree $5/7$, transport $1.00$/hold	15	18	9945	48990
gain-sweep	switch agree $5/7$, transport $1.00$/hold	15	11	9945	48990
gain-sweep	switch agree $5/7$, transport $1.00$/hold	15	9	9945	48990
gain-sweep	switch agree $5/7$, transport $1.00$/hold	15	10	9945	48990
gain-sweep	switch agree $5/7$, transport $1.00$/hold	15	16	9945	48990
gain-sweep	switch agree $5/7$, transport $1.00$/hold	15	2	9945	48990
gain-sweep	switch agree $4/7$, transport $1.00$/hold	0	46	31358	48990
gain-sweep	switch agree $4/7$, transport $1.00$/hold	0	38	31358	48990
gain-sweep	switch agree $4/7$, transport $1.00$/hold	0	35	31358	48990
gain-sweep	switch agree $4/7$, transport $1.00$/hold	0	41	31358	48990
gain-sweep	switch agree $4/7$, transport $1.00$/hold	0	35	31358	48990
gain-sweep	switch agree $4/7$, transport $1.00$/hold	0	45	31358	48990
gain-sweep	switch agree $4/7$, transport $1.00$/hold	0	37	31358	48990
gain-sweep	switch agree $4/7$, transport $1.00$/hold	0	36	31358	48990
gain-sweep	switch agree $4/7$, transport $1.00$/hold	0	32	31358	48990
gain-sweep	switch agree $4/7$, transport $1.00$/hold	0	40	31358	48990
gain-sweep	switch agree $4/7$, transport $1.00$/hold	1	32	31704	48990
gain-sweep	switch agree $4/7$, transport $1.00$/hold	1	44	31704	48990
gain-sweep	switch agree $4/7$, transport $1.00$/hold	1	39	31704	48990
gain-sweep	switch agree $4/7$, transport $1.00$/hold	1	43	31704	48990
gain-sweep	switch agree $4/7$, transport $1.00$/hold	1	39	31704	48990
gain-sweep	switch agree $4/7$, transport $1.00$/hold	1	38	31704	48990
gain-sweep	switch agree $4/7$, transport $1.00$/hold	1	45	31704	48990
gain-sweep	switch agree $4/7$, transport $1.00$/hold	1	39	31704	48990
gain-sweep	switch agree $4/7$, transport $1.00$/hold	1	43	31704	48990
gain-sweep	switch agree $4/7$, transport $1.00$/hold	1	32	31704	48990
gain-sweep	switch agree $4/7$, transport $1.00$/hold	2	29	31910	48990
gain-sweep	switch agree $4/7$, transport $1.00$/hold	2	35	31910	48990
gain-sweep	switch agree $4/7$, transport $1.00$/hold	2	37	31910	48990
gain-sweep	switch agree $4/7$, transport $1.00$/hold	2	29	31910	48990
gain-sweep	switch agree $4/7$, transport $1.00$/hold	2	37	31910	48990
gain-sweep	switch agree $4/7$, transport $1.00$/hold	2	43	31910	48990
gain-sweep	switch agree $4/7$, transport $1.00$/hold	2	37	31910	48990
gain-sweep	switch agree $4/7$, transport $1.00$/hold	2	41	31910	48990
gain-sweep	switch agree $4/7$, transport $1.00$/hold	2	35	31910	48990
gain-sweep	switch agree $4/7$, transport $1.00$/hold	2	49	31910	48990
gain-sweep	switch agree $4/7$, transport $1.00$/hold	3	45	31785	48990
gain-sweep	switch agree $4/7$, transport $1.00$/hold	3	36	31785	48990
gain-sweep	switch agree $4/7$, transport $1.00$/hold	3	33	31785	48990
gain-sweep	switch agree $4/7$, transport $1.00$/hold	3	37	31785	48990
gain-sweep	switch agree $4/7$, transport $1.00$/hold	3	50	31785	48990
gain-sweep	switch agree $4/7$, transport $1.00$/hold	3	39	31785	48990
gain-sweep	switch agree $4/7$, transport $1.00$/hold	3	38	31785	48990
gain-sweep	switch agree $4/7$, transport $1.00$/hold	3	35	31785	48990
gain-sweep	switch agree $4/7$, transport $1.00$/hold	3	42	31785	48990
gain-sweep	switch agree $4/7$, transport $1.00$/hold	3	31	31785	48990
gain-sweep	switch agree $4/7$, transport $1.00$/hold	4	31	32294	48990
gain-sweep	switch agree $4/7$, transport $1.00$/hold	4	29	32294	48990
gain-sweep	switch agree $4/7$, transport $1.00$/hold	4	41	32294	48990
gain-sweep	switch agree $4/7$, transport $1.00$/hold	4	44	32294	48990
gain-sweep	switch agree $4/7$, transport $1.00$/hold	4	37	32294	48990
gain-sweep	switch agree $4/7$, transport $1.00$/hold	4	43	32294	48990
gain-sweep	switch agree $4/7$, transport $1.00$/hold	4	38	32294	48990
gain-sweep	switch agree $4/7$, transport $1.00$/hold	4	37	32294	48990
gain-sweep	switch agree $4/7$, transport $1.00$/hold	4	34	32294	48990
gain-sweep	switch agree $4/7$, transport $1.00$/hold	4	45	32294	48990
gain-sweep	switch agree $4/7$, transport $1.00$/hold	5	16	32179	48990
gain-sweep	switch agree $4/7$, transport $1.00$/hold	5	31	32179	48990
gain-sweep	switch agree $4/7$, transport $1.00$/hold	5	23	32179	48990
gain-sweep	switch agree $4/7$, transport $1.00$/hold	5	35	32179	48990
gain-sweep	switch agree $4/7$, transport $1.00$/hold	5	36	32179	48990
gain-sweep	switch agree $4/7$, transport $1.00$/hold	5	35	32179	48990
gain-sweep	switch agree $4/7$, transport $1.00$/hold	5	36	32179	48990
gain-sweep	switch agree $4/7$, transport $1.00$/hold	5	24	32179	48990
gain-sweep	switch agree $4/7$, transport $1.00$/hold	5	21	32179	48990
gain-sweep	switch agree $4/7$, transport $1.00$/hold	5	26	32179	48990
gain-sweep	switch agree $4/7$, transport $1.00$/hold	6	36	32005	48990
gain-sweep	switch agree $4/7$, transport $1.00$/hold	6	39	32005	48990
gain-sweep	switch agree $4/7$, transport $1.00$/hold	6	34	32005	48990
gain-sweep	switch agree $4/7$, transport $1.00$/hold	6	44	32005	48990
gain-sweep	switch agree $4/7$, transport $1.00$/hold	6	45	32005	48990
gain-sweep	switch agree $4/7$, transport $1.00$/hold	6	32	32005	48990
gain-sweep	switch agree $4/7$, transport $1.00$/hold	6	37	32005	48990
gain-sweep	switch agree $4/7$, transport $1.00$/hold	6	40	32005	48990
gain-sweep	switch agree $4/7$, transport $1.00$/hold	6	37	32005	48990
gain-sweep	switch agree $4/7$, transport $1.00$/hold	6	37	32005	48990
gain-sweep	switch agree $4/7$, transport $1.00$/hold	7	44	30886	48990
gain-sweep	switch agree $4/7$, transport $1.00$/hold	7	44	30886	48990
gain-sweep	switch agree $4/7$, transport $1.00$/hold	7	30	30886	48990
gain-sweep	switch agree $4/7$, transport $1.00$/hold	7	36	30886	48990
gain-sweep	switch agree $4/7$, transport $1.00$/hold	7	32	30886	48990
gain-sweep	switch agree $4/7$, transport $1.00$/hold	7	41	30886	48990
gain-sweep	switch agree $4/7$, transport $1.00$/hold	7	39	30886	48990
gain-sweep	switch agree $4/7$, transport $1.00$/hold	7	37	30886	48990
gain-sweep	switch agree $4/7$, transport $1.00$/hold	7	38	30886	48990
gain-sweep	switch agree $4/7$, transport $1.00$/hold	7	38	30886	48990
gain-sweep	switch agree $4/7$, transport $1.00$/hold	8	35	32395	48990
gain-sweep	switch agree $4/7$, transport $1.00$/hold	8	22	32395	48990
gain-sweep	switch agree $4/7$, transport $1.00$/hold	8	39	32395	48990
gain-sweep	switch agree $4/7$, transport $1.00$/hold	8	0	32395	48990
gain-sweep	switch agree $4/7$, transport $1.00$/hold	8	36	32395	48990
gain-sweep	switch agree $4/7$, transport $1.00$/hold	8	37	32395	48990
gain-sweep	switch agree $4/7$, transport $1.00$/hold	8	29	32395	48990
gain-sweep	switch agree $4/7$, transport $1.00$/hold	8	36	32395	48990
gain-sweep	switch agree $4/7$, transport $1.00$/hold	8	34	32395	48990
gain-sweep	switch agree $4/7$, transport $1.00$/hold	8	32	32395	48990
gain-sweep	switch agree $4/7$, transport $1.00$/hold	9	38	31591	48990
gain-sweep	switch agree $4/7$, transport $1.00$/hold	9	31	31591	48990
gain-sweep	switch agree $4/7$, transport $1.00$/hold	9	39	31591	48990
gain-sweep	switch agree $4/7$, transport $1.00$/hold	9	36	31591	48990
gain-sweep	switch agree $4/7$, transport $1.00$/hold	9	37	31591	48990
gain-sweep	switch agree $4/7$, transport $1.00$/hold	9	37	31591	48990
gain-sweep	switch agree $4/7$, transport $1.00$/hold	9	47	31591	48990
gain-sweep	switch agree $4/7$, transport $1.00$/hold	9	46	31591	48990
gain-sweep	switch agree $4/7$, transport $1.00$/hold	9	41	31591	48990
gain-sweep	switch agree $4/7$, transport $1.00$/hold	9	48	31591	48990
gain-sweep	switch agree $4/7$, transport $1.00$/hold	10	44	31418	48990
gain-sweep	switch agree $4/7$, transport $1.00$/hold	10	33	31418	48990
gain-sweep	switch agree $4/7$, transport $1.00$/hold	10	40	31418	48990
gain-sweep	switch agree $4/7$, transport $1.00$/hold	10	41	31418	48990
gain-sweep	switch agree $4/7$, transport $1.00$/hold	10	41	31418	48990
gain-sweep	switch agree $4/7$, transport $1.00$/hold	10	41	31418	48990
gain-sweep	switch agree $4/7$, transport $1.00$/hold	10	34	31418	48990
gain-sweep	switch agree $4/7$, transport $1.00$/hold	10	31	31418	48990
gain-sweep	switch agree $4/7$, transport $1.00$/hold	10	41	31418	48990
gain-sweep	switch agree $4/7$, transport $1.00$/hold	10	30	31418	48990
gain-sweep	switch agree $4/7$, transport $1.00$/hold	11	37	31828	48990
gain-sweep	switch agree $4/7$, transport $1.00$/hold	11	42	31828	48990
gain-sweep	switch agree $4/7$, transport $1.00$/hold	11	45	31828	48990
gain-sweep	switch agree $4/7$, transport $1.00$/hold	11	35	31828	48990
gain-sweep	switch agree $4/7$, transport $1.00$/hold	11	33	31828	48990
gain-sweep	switch agree $4/7$, transport $1.00$/hold	11	42	31828	48990
gain-sweep	switch agree $4/7$, transport $1.00$/hold	11	46	31828	48990
gain-sweep	switch agree $4/7$, transport $1.00$/hold	11	30	31828	48990
gain-sweep	switch agree $4/7$, transport $1.00$/hold	11	37	31828	48990
gain-sweep	switch agree $4/7$, transport $1.00$/hold	11	42	31828	48990
gain-sweep	switch agree $4/7$, transport $1.00$/hold	12	39	31225	48990
gain-sweep	switch agree $4/7$, transport $1.00$/hold	12	41	31225	48990
gain-sweep	switch agree $4/7$, transport $1.00$/hold	12	26	31225	48990
gain-sweep	switch agree $4/7$, transport $1.00$/hold	12	37	31225	48990
gain-sweep	switch agree $4/7$, transport $1.00$/hold	12	41	31225	48990
gain-sweep	switch agree $4/7$, transport $1.00$/hold	12	40	31225	48990
gain-sweep	switch agree $4/7$, transport $1.00$/hold	12	27	31225	48990
gain-sweep	switch agree $4/7$, transport $1.00$/hold	12	30	31225	48990
gain-sweep	switch agree $4/7$, transport $1.00$/hold	12	28	31225	48990
gain-sweep	switch agree $4/7$, transport $1.00$/hold	12	44	31225	48990
gain-sweep	switch agree $4/7$, transport $1.00$/hold	13	37	31779	48990
gain-sweep	switch agree $4/7$, transport $1.00$/hold	13	28	31779	48990
gain-sweep	switch agree $4/7$, transport $1.00$/hold	13	32	31779	48990
gain-sweep	switch agree $4/7$, transport $1.00$/hold	13	34	31779	48990
gain-sweep	switch agree $4/7$, transport $1.00$/hold	13	41	31779	48990
gain-sweep	switch agree $4/7$, transport $1.00$/hold	13	41	31779	48990
gain-sweep	switch agree $4/7$, transport $1.00$/hold	13	38	31779	48990
gain-sweep	switch agree $4/7$, transport $1.00$/hold	13	24	31779	48990
gain-sweep	switch agree $4/7$, transport $1.00$/hold	13	39	31779	48990
gain-sweep	switch agree $4/7$, transport $1.00$/hold	13	40	31779	48990
gain-sweep	switch agree $4/7$, transport $1.00$/hold	14	38	31474	48990
gain-sweep	switch agree $4/7$, transport $1.00$/hold	14	39	31474	48990
gain-sweep	switch agree $4/7$, transport $1.00$/hold	14	44	31474	48990
gain-sweep	switch agree $4/7$, transport $1.00$/hold	14	45	31474	48990
gain-sweep	switch agree $4/7$, transport $1.00$/hold	14	35	31474	48990
gain-sweep	switch agree $4/7$, transport $1.00$/hold	14	36	31474	48990
gain-sweep	switch agree $4/7$, transport $1.00$/hold	14	30	31474	48990
gain-sweep	switch agree $4/7$, transport $1.00$/hold	14	40	31474	48990
gain-sweep	switch agree $4/7$, transport $1.00$/hold	14	35	31474	48990
gain-sweep	switch agree $4/7$, transport $1.00$/hold	14	33	31474	48990
gain-sweep	switch agree $4/7$, transport $1.00$/hold	15	38	31152	48990
gain-sweep	switch agree $4/7$, transport $1.00$/hold	15	39	31152	48990
gain-sweep	switch agree $4/7$, transport $1.00$/hold	15	36	31152	48990
gain-sweep	switch agree $4/7$, transport $1.00$/hold	15	41	31152	48990
gain-sweep	switch agree $4/7$, transport $1.00$/hold	15	37	31152	48990
gain-sweep	switch agree $4/7$, transport $1.00$/hold	15	41	31152	48990
gain-sweep	switch agree $4/7$, transport $1.00$/hold	15	29	31152	48990
gain-sweep	switch agree $4/7$, transport $1.00$/hold	15	41	31152	48990
gain-sweep	switch agree $4/7$, transport $1.00$/hold	15	38	31152	48990
gain-sweep	switch agree $4/7$, transport $1.00$/hold	15	39	31152	48990
gain-sweep	switch agree $2/5$, transport $1.00$/hold	0	35	45941	48990
gain-sweep	switch agree $2/5$, transport $1.00$/hold	0	28	45941	48990
gain-sweep	switch agree $2/5$, transport $1.00$/hold	0	0	45941	48990
gain-sweep	switch agree $2/5$, transport $1.00$/hold	0	40	45941	48990
gain-sweep	switch agree $2/5$, transport $1.00$/hold	0	37	45941	48990
gain-sweep	switch agree $2/5$, transport $1.00$/hold	0	41	45941	48990
gain-sweep	switch agree $2/5$, transport $1.00$/hold	0	35	45941	48990
gain-sweep	switch agree $2/5$, transport $1.00$/hold	0	36	45941	48990
gain-sweep	switch agree $2/5$, transport $1.00$/hold	0	0	45941	48990
gain-sweep	switch agree $2/5$, transport $1.00$/hold	0	28	45941	48990
gain-sweep	switch agree $2/5$, transport $1.00$/hold	1	29	45790	48990
gain-sweep	switch agree $2/5$, transport $1.00$/hold	1	33	45790	48990
gain-sweep	switch agree $2/5$, transport $1.00$/hold	1	26	45790	48990
gain-sweep	switch agree $2/5$, transport $1.00$/hold	1	41	45790	48990
gain-sweep	switch agree $2/5$, transport $1.00$/hold	1	40	45790	48990
gain-sweep	switch agree $2/5$, transport $1.00$/hold	1	38	45790	48990
gain-sweep	switch agree $2/5$, transport $1.00$/hold	1	0	45790	48990
gain-sweep	switch agree $2/5$, transport $1.00$/hold	1	40	45790	48990
gain-sweep	switch agree $2/5$, transport $1.00$/hold	1	25	45790	48990
gain-sweep	switch agree $2/5$, transport $1.00$/hold	1	30	45790	48990
gain-sweep	switch agree $2/5$, transport $1.00$/hold	2	18	45634	48990
gain-sweep	switch agree $2/5$, transport $1.00$/hold	2	37	45634	48990
gain-sweep	switch agree $2/5$, transport $1.00$/hold	2	29	45634	48990
gain-sweep	switch agree $2/5$, transport $1.00$/hold	2	36	45634	48990
gain-sweep	switch agree $2/5$, transport $1.00$/hold	2	29	45634	48990
gain-sweep	switch agree $2/5$, transport $1.00$/hold	2	36	45634	48990
gain-sweep	switch agree $2/5$, transport $1.00$/hold	2	31	45634	48990
gain-sweep	switch agree $2/5$, transport $1.00$/hold	2	45	45634	48990
gain-sweep	switch agree $2/5$, transport $1.00$/hold	2	38	45634	48990
gain-sweep	switch agree $2/5$, transport $1.00$/hold	2	31	45634	48990
gain-sweep	switch agree $2/5$, transport $1.00$/hold	3	25	45960	48990
gain-sweep	switch agree $2/5$, transport $1.00$/hold	3	42	45960	48990
gain-sweep	switch agree $2/5$, transport $1.00$/hold	3	42	45960	48990
gain-sweep	switch agree $2/5$, transport $1.00$/hold	3	37	45960	48990
gain-sweep	switch agree $2/5$, transport $1.00$/hold	3	46	45960	48990
gain-sweep	switch agree $2/5$, transport $1.00$/hold	3	0	45960	48990
gain-sweep	switch agree $2/5$, transport $1.00$/hold	3	42	45960	48990
gain-sweep	switch agree $2/5$, transport $1.00$/hold	3	39	45960	48990
gain-sweep	switch agree $2/5$, transport $1.00$/hold	3	36	45960	48990
gain-sweep	switch agree $2/5$, transport $1.00$/hold	3	32	45960	48990
gain-sweep	switch agree $2/5$, transport $1.00$/hold	4	40	46085	48990
gain-sweep	switch agree $2/5$, transport $1.00$/hold	4	21	46085	48990
gain-sweep	switch agree $2/5$, transport $1.00$/hold	4	25	46085	48990
gain-sweep	switch agree $2/5$, transport $1.00$/hold	4	29	46085	48990
gain-sweep	switch agree $2/5$, transport $1.00$/hold	4	38	46085	48990
gain-sweep	switch agree $2/5$, transport $1.00$/hold	4	36	46085	48990
gain-sweep	switch agree $2/5$, transport $1.00$/hold	4	18	46085	48990
gain-sweep	switch agree $2/5$, transport $1.00$/hold	4	38	46085	48990
gain-sweep	switch agree $2/5$, transport $1.00$/hold	4	38	46085	48990
gain-sweep	switch agree $2/5$, transport $1.00$/hold	4	28	46085	48990
gain-sweep	switch agree $2/5$, transport $1.00$/hold	5	29	45635	48990
gain-sweep	switch agree $2/5$, transport $1.00$/hold	5	25	45635	48990
gain-sweep	switch agree $2/5$, transport $1.00$/hold	5	0	45635	48990
gain-sweep	switch agree $2/5$, transport $1.00$/hold	5	29	45635	48990
gain-sweep	switch agree $2/5$, transport $1.00$/hold	5	38	45635	48990
gain-sweep	switch agree $2/5$, transport $1.00$/hold	5	35	45635	48990
gain-sweep	switch agree $2/5$, transport $1.00$/hold	5	33	45635	48990
gain-sweep	switch agree $2/5$, transport $1.00$/hold	5	38	45635	48990
gain-sweep	switch agree $2/5$, transport $1.00$/hold	5	34	45635	48990
gain-sweep	switch agree $2/5$, transport $1.00$/hold	5	25	45635	48990
gain-sweep	switch agree $2/5$, transport $1.00$/hold	6	38	45592	48990
gain-sweep	switch agree $2/5$, transport $1.00$/hold	6	41	45592	48990
gain-sweep	switch agree $2/5$, transport $1.00$/hold	6	41	45592	48990
gain-sweep	switch agree $2/5$, transport $1.00$/hold	6	37	45592	48990
gain-sweep	switch agree $2/5$, transport $1.00$/hold	6	0	45592	48990
gain-sweep	switch agree $2/5$, transport $1.00$/hold	6	0	45592	48990
gain-sweep	switch agree $2/5$, transport $1.00$/hold	6	37	45592	48990
gain-sweep	switch agree $2/5$, transport $1.00$/hold	6	34	45592	48990
gain-sweep	switch agree $2/5$, transport $1.00$/hold	6	28	45592	48990
gain-sweep	switch agree $2/5$, transport $1.00$/hold	6	33	45592	48990
gain-sweep	switch agree $2/5$, transport $1.00$/hold	7	28	46175	48990
gain-sweep	switch agree $2/5$, transport $1.00$/hold	7	34	46175	48990
gain-sweep	switch agree $2/5$, transport $1.00$/hold	7	29	46175	48990
gain-sweep	switch agree $2/5$, transport $1.00$/hold	7	39	46175	48990
gain-sweep	switch agree $2/5$, transport $1.00$/hold	7	39	46175	48990
gain-sweep	switch agree $2/5$, transport $1.00$/hold	7	30	46175	48990
gain-sweep	switch agree $2/5$, transport $1.00$/hold	7	47	46175	48990
gain-sweep	switch agree $2/5$, transport $1.00$/hold	7	39	46175	48990
gain-sweep	switch agree $2/5$, transport $1.00$/hold	7	34	46175	48990
gain-sweep	switch agree $2/5$, transport $1.00$/hold	7	40	46175	48990
gain-sweep	switch agree $2/5$, transport $1.00$/hold	8	25	45679	48990
gain-sweep	switch agree $2/5$, transport $1.00$/hold	8	34	45679	48990
gain-sweep	switch agree $2/5$, transport $1.00$/hold	8	35	45679	48990
gain-sweep	switch agree $2/5$, transport $1.00$/hold	8	0	45679	48990
gain-sweep	switch agree $2/5$, transport $1.00$/hold	8	33	45679	48990
gain-sweep	switch agree $2/5$, transport $1.00$/hold	8	34	45679	48990
gain-sweep	switch agree $2/5$, transport $1.00$/hold	8	40	45679	48990
gain-sweep	switch agree $2/5$, transport $1.00$/hold	8	0	45679	48990
gain-sweep	switch agree $2/5$, transport $1.00$/hold	8	35	45679	48990
gain-sweep	switch agree $2/5$, transport $1.00$/hold	8	0	45679	48990
gain-sweep	switch agree $2/5$, transport $1.00$/hold	9	15	45896	48990
gain-sweep	switch agree $2/5$, transport $1.00$/hold	9	27	45896	48990
gain-sweep	switch agree $2/5$, transport $1.00$/hold	9	24	45896	48990
gain-sweep	switch agree $2/5$, transport $1.00$/hold	9	32	45896	48990
gain-sweep	switch agree $2/5$, transport $1.00$/hold	9	40	45896	48990
gain-sweep	switch agree $2/5$, transport $1.00$/hold	9	45	45896	48990
gain-sweep	switch agree $2/5$, transport $1.00$/hold	9	35	45896	48990
gain-sweep	switch agree $2/5$, transport $1.00$/hold	9	35	45896	48990
gain-sweep	switch agree $2/5$, transport $1.00$/hold	9	35	45896	48990
gain-sweep	switch agree $2/5$, transport $1.00$/hold	9	35	45896	48990
gain-sweep	switch agree $2/5$, transport $1.00$/hold	10	40	45788	48990
gain-sweep	switch agree $2/5$, transport $1.00$/hold	10	45	45788	48990
gain-sweep	switch agree $2/5$, transport $1.00$/hold	10	28	45788	48990
gain-sweep	switch agree $2/5$, transport $1.00$/hold	10	25	45788	48990
gain-sweep	switch agree $2/5$, transport $1.00$/hold	10	32	45788	48990
gain-sweep	switch agree $2/5$, transport $1.00$/hold	10	47	45788	48990
gain-sweep	switch agree $2/5$, transport $1.00$/hold	10	35	45788	48990
gain-sweep	switch agree $2/5$, transport $1.00$/hold	10	29	45788	48990
gain-sweep	switch agree $2/5$, transport $1.00$/hold	10	42	45788	48990
gain-sweep	switch agree $2/5$, transport $1.00$/hold	10	38	45788	48990
gain-sweep	switch agree $2/5$, transport $1.00$/hold	11	26	46002	48990
gain-sweep	switch agree $2/5$, transport $1.00$/hold	11	25	46002	48990
gain-sweep	switch agree $2/5$, transport $1.00$/hold	11	30	46002	48990
gain-sweep	switch agree $2/5$, transport $1.00$/hold	11	32	46002	48990
gain-sweep	switch agree $2/5$, transport $1.00$/hold	11	34	46002	48990
gain-sweep	switch agree $2/5$, transport $1.00$/hold	11	35	46002	48990
gain-sweep	switch agree $2/5$, transport $1.00$/hold	11	0	46002	48990
gain-sweep	switch agree $2/5$, transport $1.00$/hold	11	36	46002	48990
gain-sweep	switch agree $2/5$, transport $1.00$/hold	11	24	46002	48990
gain-sweep	switch agree $2/5$, transport $1.00$/hold	11	38	46002	48990
gain-sweep	switch agree $2/5$, transport $1.00$/hold	12	24	45822	48990
gain-sweep	switch agree $2/5$, transport $1.00$/hold	12	39	45822	48990
gain-sweep	switch agree $2/5$, transport $1.00$/hold	12	27	45822	48990
gain-sweep	switch agree $2/5$, transport $1.00$/hold	12	0	45822	48990
gain-sweep	switch agree $2/5$, transport $1.00$/hold	12	31	45822	48990
gain-sweep	switch agree $2/5$, transport $1.00$/hold	12	29	45822	48990
gain-sweep	switch agree $2/5$, transport $1.00$/hold	12	37	45822	48990
gain-sweep	switch agree $2/5$, transport $1.00$/hold	12	0	45822	48990
gain-sweep	switch agree $2/5$, transport $1.00$/hold	12	42	45822	48990
gain-sweep	switch agree $2/5$, transport $1.00$/hold	12	40	45822	48990
gain-sweep	switch agree $2/5$, transport $1.00$/hold	13	19	45822	48990
gain-sweep	switch agree $2/5$, transport $1.00$/hold	13	0	45822	48990
gain-sweep	switch agree $2/5$, transport $1.00$/hold	13	24	45822	48990
gain-sweep	switch agree $2/5$, transport $1.00$/hold	13	35	45822	48990
gain-sweep	switch agree $2/5$, transport $1.00$/hold	13	36	45822	48990
gain-sweep	switch agree $2/5$, transport $1.00$/hold	13	49	45822	48990
gain-sweep	switch agree $2/5$, transport $1.00$/hold	13	45	45822	48990
gain-sweep	switch agree $2/5$, transport $1.00$/hold	13	29	45822	48990
gain-sweep	switch agree $2/5$, transport $1.00$/hold	13	39	45822	48990
gain-sweep	switch agree $2/5$, transport $1.00$/hold	13	31	45822	48990
gain-sweep	switch agree $2/5$, transport $1.00$/hold	14	29	45544	48990
gain-sweep	switch agree $2/5$, transport $1.00$/hold	14	30	45544	48990
gain-sweep	switch agree $2/5$, transport $1.00$/hold	14	32	45544	48990
gain-sweep	switch agree $2/5$, transport $1.00$/hold	14	40	45544	48990
gain-sweep	switch agree $2/5$, transport $1.00$/hold	14	32	45544	48990
gain-sweep	switch agree $2/5$, transport $1.00$/hold	14	47	45544	48990
gain-sweep	switch agree $2/5$, transport $1.00$/hold	14	32	45544	48990
gain-sweep	switch agree $2/5$, transport $1.00$/hold	14	28	45544	48990
gain-sweep	switch agree $2/5$, transport $1.00$/hold	14	27	45544	48990
gain-sweep	switch agree $2/5$, transport $1.00$/hold	14	19	45544	48990
gain-sweep	switch agree $2/5$, transport $1.00$/hold	15	17	45730	48990
gain-sweep	switch agree $2/5$, transport $1.00$/hold	15	27	45730	48990
gain-sweep	switch agree $2/5$, transport $1.00$/hold	15	0	45730	48990
gain-sweep	switch agree $2/5$, transport $1.00$/hold	15	29	45730	48990
gain-sweep	switch agree $2/5$, transport $1.00$/hold	15	34	45730	48990
gain-sweep	switch agree $2/5$, transport $1.00$/hold	15	36	45730	48990
gain-sweep	switch agree $2/5$, transport $1.00$/hold	15	31	45730	48990
gain-sweep	switch agree $2/5$, transport $1.00$/hold	15	31	45730	48990
gain-sweep	switch agree $2/5$, transport $1.00$/hold	15	34	45730	48990
gain-sweep	switch agree $2/5$, transport $1.00$/hold	15	32	45730	48990
